index,window_offset,abs_start_sample,abs_end_sample,time_start_ms,time_end_ms,detected_repetitions,sample_clock_error_ppm,cfo_hz,sfd_name,sfd_correlation,phr_secded_pass,psdu_length_bytes,fcs_received,fcs_calculated,fcs_pass,payload_hex
1,2490208,2492460,2724121,3.380615,3.694826,60,0.000000,-968.494137,"Decawave DW-8",0.863803,1,12,0xF7E2,0xF7E2,1,"6188B5F2F00200010000E2F7"
2,6188096,6190348,6422009,8.396197,8.710407,66,0.000000,-916.147788,"Decawave DW-8",0.863611,1,12,0xD131,0xD131,1,"6188BFF2F0020001000031D1"
3,9784800,9787052,10037240,13.274539,13.613878,242,0.001250,4750.851146,"Decawave DW-8",0.678870,0,12,0x0000,0x0000,0,""
4,13570944,13573194,13804855,18.409823,18.724033,59,-3.336447,-434.792102,"Decawave DW-8",0.866705,1,12,0xB8ED,0xB8ED,1,"6188D2F2F00200010000EDB8"
5,20936448,20938700,21170361,28.399929,28.714140,52,0.000000,-776.267311,"Decawave DW-8",0.861571,1,12,0x43BB,0x43BB,1,"6188E6F2F00200010000BB43"
6,24536768,24539020,24770681,33.283176,33.597386,228,0.000000,-1357.036917,"Decawave DW-8",0.863481,1,12,0xEFB8,0xEFB8,1,"6188EFF2F00200010000B8EF"
7,28290048,28292300,28523961,38.373888,38.688098,58,0.000000,-903.078047,"Decawave DW-8",0.863322,1,12,0xA971,0xA971,1,"6188F9F2F0020001000071A9"
8,31973504,31975756,32207417,43.369895,43.684105,49,0.000000,-700.405555,"Decawave DW-8",0.862393,1,12,0xCC39,0xCC39,1,"618803F2F0020001000039CC"
9,35663168,35665419,35897080,48.374320,48.688531,162,-0.000000,-1302.239801,"Decawave DW-8",0.863588,1,12,0xFC34,0xFC34,1,"61880DF2F0020001000034FC"
10,39356832,39359083,39590746,53.384173,53.698386,202,6.204143,-2030.506357,"Decawave DW-8",0.861940,1,12,0x0020,0x0020,1,"618816F2F002000100002000"
11,43035904,43038155,43269816,58.374234,58.688444,51,-0.000000,-798.799122,"Decawave DW-8",0.862231,1,12,0xF019,0xF019,1,"618820F2F0020001000019F0"
12,46740480,46742731,46974392,63.398886,63.713097,212,0.000000,-1357.240553,"Decawave DW-8",0.864163,1,12,0xD6CA,0xD6CA,1,"61882AF2F00200010000CAD6"
13,50437888,50438115,50680359,68.411072,68.739636,176,0.250234,-1746.024203,"Decawave DW-8",0.032748,1,26,0x5D50,0x77FA,0,"ADBB15807657282626B6CE24014D144DE9883183B65507BA505D"
14,61469568,61471820,61703481,83.376492,83.690702,67,0.000000,-1034.530483,"Decawave DW-8",0.863073,1,12,0xF9DF,0xF9DF,1,"618851F2F00200010000DFF9"
15,65161120,65163371,65395032,88.383478,88.697689,262,-0.000000,-1330.458132,"Decawave DW-8",0.864417,1,12,0x4302,0x4302,1,"61885CF2F002000100000243"
16,68847392,68849644,69081305,93.383306,93.697517,153,0.000000,-1278.615909,"Decawave DW-8",0.862570,1,12,0x8336,0x8336,1,"618864F2F002000100003683"
17,72532160,72534412,72766073,98.381093,98.695303,50,0.000000,-811.602584,"Decawave DW-8",0.862763,1,12,0xA5E5,0xA5E5,1,"61886EF2F00200010000E5A5"
18,76215072,76217323,76448984,103.376360,103.690571,67,-0.000000,-1036.108939,"Decawave DW-8",0.862363,1,12,0xE32C,0xE32C,1,"618878F2F002000100002CE3"
19,79905632,79905543,80155731,108.378829,108.718168,208,0.000000,-1372.067872,"IEEE legacy/BPRF SFD #0",0.021727,0,92,0x0000,0x0000,0,""
20,83594304,83596556,83828218,113.385086,113.699297,94,0.760864,-1314.022313,"Decawave DW-8",0.865209,1,12,0x2A67,0x2A67,1,"61888BF2F00200010000672A"
21,87272096,87274347,87506008,118.373409,118.687619,73,-0.000000,-1047.242856,"Decawave DW-8",0.862121,1,12,0x4112,0x4112,1,"618895F2F002000100001241"
22,90888480,90887940,91152883,123.274658,123.634010,63,0.000000,-1260.177951,"Decawave DW-8",0.039921,1,50,0x7D32,0x445B,0,"BC1A37F811669443C3E40570053AF80791F532312F6F78B9494528C831D13429570019C4344234E6D96A104D1AE8673B327D"
23,94625120,94627372,94859033,128.346587,128.660798,215,0.204414,-1374.230114,"Decawave DW-8",0.865233,1,12,0x1647,0x1647,1,"6188A8F2F002000100004716"
24,98328576,98330827,98562488,133.369720,133.683930,79,-0.000000,-1153.270098,"Decawave DW-8",0.861580,1,12,0x6BEC,0x6BEC,1,"6188B2F2F00200010000EC6B"
25,101910624,101910101,102160289,138.224421,138.563760,143,0.000000,-1374.599401,"Decawave DW-8",0.119985,0,19,0x0000,0x0000,0,""
26,105712192,105714444,105946105,143.384391,143.698602,50,0.000000,-782.064006,"Decawave DW-8",0.860437,1,12,0xF54B,0xF54B,1,"6188C6F2F002000100004BF5"
27,109335232,109337483,109569144,148.298452,148.612663,262,-0.032180,-1335.098902,"Decawave DW-8",0.862881,1,12,0x5948,0x5948,1,"6188CFF2F002000100004859"
28,116762688,116764940,116996601,158.372586,158.686796,67,0.000000,-1034.872416,"Decawave DW-8",0.861903,1,12,0xD4DA,0xD4DA,1,"6188E3F2F00200010000DAD4"
29,120450432,120452684,120684345,163.374409,163.688619,262,0.000000,-1360.250786,"Decawave DW-8",0.862164,1,12,0x6E07,0x6E07,1,"6188EEF2F00200010000076E"
30,124150912,124153164,124384825,168.393506,168.707716,227,0.052508,-1364.623360,"Decawave DW-8",0.862778,1,12,0x18C3,0x18C3,1,"6188F6F2F00200010000C318"
31,127823840,127826092,128057753,173.375233,173.689444,67,0.000000,-984.440172,"Decawave DW-8",0.862563,1,12,0x46E9,0x46E9,1,"618800F2F00200010000E946"
32,131516768,131519020,131769208,178.384087,178.723427,44,0.000000,-13588.450491,"IEEE legacy/BPRF SFD #0",0.034653,0,55,0x0000,0x0000,0,""
33,135207648,135209900,135441561,183.390164,183.704374,49,0.000000,-765.605785,"Decawave DW-8",0.862460,1,12,0x0B4F,0x0B4F,1,"618814F2F002000100004F0B"
34,138890944,138893195,139134694,188.385952,188.713506,132,-0.303000,-1335.256407,"IEEE legacy/BPRF SFD #0",0.031318,1,25,0x692C,0x5435,0,"A1E0835600F604262431DC668F9FA866365B574A75FCEB2C69"
35,142539840,142542091,142773752,193.335084,193.649295,139,-0.000000,-1328.345148,"Decawave DW-8",0.862153,1,12,0x6C17,0x6C17,1,"618827F2F00200010000176C"
36,146171872,146171640,146421443,198.257975,198.596792,50,-0.000000,-1373.219428,"Decawave DW-8",0.023201,1,36,0x3DE8,0x8B43,0,"EC8AA006EE3C2C033461E3F1C534BD843B06A8D1848E8D204A5FA46934EF6821784CE83D"
37,149955616,149957868,150189529,203.393376,203.707586,262,0.000000,-1357.965855,"Decawave DW-8",0.861731,1,12,0x9003,0x9003,1,"61883CF2F002000100000390"
38,153630528,153632780,153864440,208.377794,208.692003,139,-7.591130,-127.229042,"Decawave DW-8",0.861621,1,12,0x35C6,0x35C6,1,"618844F2F00200010000C635"
39,157311488,157313740,157545401,213.370416,213.684626,51,0.000000,-608.291566,"Decawave DW-8",0.859344,1,12,0x1315,0x1315,1,"61884EF2F002000100001513"
40,161018592,161020843,161252504,218.398496,218.712706,68,-0.000000,-1022.652843,"Decawave DW-8",0.860815,1,12,0x55DC,0x55DC,1,"618858F2F00200010000DC55"
41,164687008,164689260,164920921,223.374105,223.688315,188,0.000000,-1317.715526,"Decawave DW-8",0.863213,1,12,0x1F38,0x1F38,1,"618863F2F00200010000381F"
42,168387392,168389643,168639831,228.393070,228.732410,119,-1.156542,-1580.430413,"Decawave DW-8",0.032977,0,95,0x0000,0x0000,0,""
43,172062848,172065099,172296760,233.378227,233.692437,54,-0.000000,-907.252916,"Decawave DW-8",0.861056,1,12,0x59F1,0x59F1,1,"618875F2F00200010000F159"
44,175753600,175755851,175987512,238.384130,238.698340,73,-0.000000,-1015.681633,"Decawave DW-8",0.862446,1,12,0x7F22,0x7F22,1,"61887FF2F00200010000227F"
45,183120224,183122475,183354136,248.375753,248.689963,92,-1.486625,-923.742108,"Decawave DW-8",0.865821,1,12,0xDD1C,0xDD1C,1,"618892F2F002000100001CDD"
46,186803264,186805516,187037177,253.371197,253.685407,49,0.000000,-746.995334,"Decawave DW-8",0.860852,1,12,0xED11,0xED11,1,"61889CF2F0020001000011ED"
47,190494016,190496268,190727929,258.377100,258.691310,52,0.000000,-695.147478,"Decawave DW-8",0.860550,1,12,0x264A,0x264A,1,"6188A6F2F002000100004A26"
48,194172640,194174891,194406552,263.366551,263.680762,206,-0.000000,-1354.929161,"Decawave DW-8",0.862498,1,12,0x8A49,0x8A49,1,"6188AFF2F00200010000498A"
49,201523520,201525772,201757433,273.336822,273.651032,49,0.000000,-699.739898,"Decawave DW-8",0.861302,1,12,0x622A,0x622A,1,"6188C3F2F002000100002A62"
50,205245984,205248236,205479897,278.385737,278.699947,49,0.000000,-732.457103,"Decawave DW-8",0.861037,1,12,0x5227,0x5227,1,"6188CDF2F002000100002752"
51,208928992,208931243,209162904,283.381135,283.695345,197,-0.013904,-1769.727658,"Decawave DW-8",0.862231,1,12,0xAE33,0xAE33,1,"6188D6F2F0020001000033AE"
52,212626176,212628428,212860089,288.395763,288.709973,49,0.000000,-727.827724,"Decawave DW-8",0.861446,1,12,0x5E0A,0x5E0A,1,"6188E0F2F002000100000A5E"
53,216309184,216311436,216543097,293.391162,293.705372,53,0.000000,-774.625830,"Decawave DW-8",0.862498,1,12,0x78D9,0x78D9,1,"6188EAF2F00200010000D978"
54,223683008,223685259,223916920,303.392550,303.706760,162,-0.000000,-1273.374728,"Decawave DW-8",0.862551,1,12,0xBFAF,0xBFAF,1,"6188FDF2F00200010000AFBF"
55,231048512,231050763,231282424,313.382654,313.696864,59,-0.000000,-903.238641,"Decawave DW-8",0.862647,1,12,0x9C2E,0x9C2E,1,"618811F2F002000100002E9C"
56,238442432,238444683,238676344,323.411300,323.725510,139,-0.123147,-1214.882672,"Decawave DW-8",0.861931,1,12,0xE6C7,0xE6C7,1,"618824F2F00200010000C7E6"
57,242116192,242118444,242350105,328.394157,328.708367,53,0.000000,-736.183109,"Decawave DW-8",0.861474,1,12,0xC014,0xC014,1,"61882EF2F0020001000014C0"
58,245712224,245711627,245961815,333.267723,333.607062,51,0.000000,-1438.551015,"Decawave DW-8",0.031800,0,23,0x0000,0x0000,0,""
59,249491008,249490332,249737883,338.392920,338.728682,199,-0.091426,-1382.832509,"Decawave DW-8",0.033878,1,33,0x4C78,0x1F0C,0,"3AA446D77185B0157697C425ADA28BE2344C317BD8E531476D8647B9C33AD8784C"
60,256848096,256850348,257082009,348.375581,348.689791,50,0.000000,-829.672126,"Decawave DW-8",0.859817,1,12,0xEF01,0xEF01,1,"618855F2F0020001000001EF"
61,260534784,260537036,260768697,353.375971,353.690181,49,0.000000,-746.978584,"Decawave DW-8",0.859406,1,12,0xC9D2,0xC9D2,1,"61885FF2F00200010000D2C9"
62,264218528,264218417,264468605,358.369164,358.708503,219,0.044980,-1410.196843,"IEEE legacy/BPRF SFD #0",0.038980,0,91,0x0000,0x0000,0,""
63,267864256,267866508,268098169,363.317204,363.631414,188,0.000000,-1337.431923,"Decawave DW-8",0.861899,1,12,0x4440,0x4440,1,"618873F2F002000100004044"
64,271482656,271482133,271727406,368.221209,368.553882,55,0.000000,-1288.410128,"Decawave DW-8",0.126358,1,30,0x4199,0x6A3B,0,"01872BD91C1B5D24C12051A8B16832847C0BAA93135E9C1A5E0029219941"
65,275278496,275280748,275512409,373.373410,373.687621,137,0.000000,-1229.391463,"Decawave DW-8",0.863583,1,12,0x90BA,0x90BA,1,"618886F2F00200010000BA90"
66,282653440,282655691,282887352,383.376317,383.690527,108,-0.000000,-1215.841694,"Decawave DW-8",0.862796,1,12,0x7A70,0x7A70,1,"618899F2F00200010000707A"
67,286334848,286337099,286568760,388.369546,388.683757,59,-0.000000,-943.655072,"Decawave DW-8",0.861534,1,12,0xB12B,0xB12B,1,"6188A3F2F002000100002BB1"
68,289915168,289917419,290149080,393.225666,393.539876,51,-0.000000,-805.451294,"Decawave DW-8",0.311432,1,12,0x0099,0x0099,1,"6188ACF2F002000100009900"
69,293730016,293730111,293961773,398.396960,398.711172,252,-0.016606,-1333.576449,"Decawave DW-8",0.862966,1,12,0x7D32,0x7D32,1,"6188B6F2F00200010000327D"
70,297394272,297396523,297628184,403.369850,403.684060,73,-0.000000,-990.796169,"Decawave DW-8",0.863650,1,12,0xE8FA,0xE8FA,1,"6188C0F2F00200010000FAE8"
71,301059808,301062059,301293720,408.341551,408.655762,262,-0.000000,-1339.270292,"Decawave DW-8",0.861465,1,12,0x4F96,0x4F96,1,"6188CBF2F00200010000964F"
72,304783296,304785548,305017209,413.391857,413.706067,49,0.000000,-708.855362,"Decawave DW-8",0.859158,1,12,0xA55C,0xA55C,1,"6188D4F2F002000100005CA5"
73,308456736,308458987,308690648,418.374277,418.688487,194,0.000000,-1510.702019,"Decawave DW-8",0.862023,1,12,0x095F,0x095F,1,"6188DDF2F002000100005F09"
74,312140448,312142700,312374361,423.370633,423.684843,49,0.000000,-736.522176,"Decawave DW-8",0.859226,1,12,0xC204,0xC204,1,"6188E7F2F0020001000004C2"
75,315826496,315828747,316060408,428.370154,428.684364,262,-0.000000,-1394.825099,"Decawave DW-8",0.862707,1,12,0x0E1D,0x0E1D,1,"6188F2F2F002000100001D0E"
76,323199424,323201675,323451863,438.370327,438.709667,166,-0.222064,14811.817983,"Decawave DW-8",0.609278,0,12,0x0000,0x0000,0,""
77,326887552,326889804,327121465,443.372673,443.686883,49,0.000000,-827.900788,"Decawave DW-8",0.861030,1,12,0x76E4,0x76E4,1,"61880EF2F00200010000E476"
78,330583456,330585707,330817368,448.385562,448.699772,51,-0.000000,-827.084818,"Decawave DW-8",0.860182,1,12,0x302D,0x302D,1,"618818F2F002000100002D30"
79,334158752,334161003,334392664,453.234867,453.549078,59,-0.000000,-1202.754103,"Decawave DW-8",0.861640,1,12,0x71A6,0x71A6,1,"618821F2F00200010000A671"
80,341631360,341633612,341865273,463.370242,463.684452,49,0.000000,-786.846058,"Decawave DW-8",0.858936,1,12,0x3C00,0x3C00,1,"618835F2F00200010000003C"
81,345345728,345347979,345579640,468.408175,468.722385,215,-0.000000,-1339.919191,"Decawave DW-8",0.861575,1,12,0x2318,0x2318,1,"618840F2F002000100001823"
82,349002752,349002558,349241777,473.365015,473.689476,225,-0.740367,-1028.263881,"Decawave DW-8",0.026288,1,22,0xDE0B,0x84E4,0,"20429311C45FBB25A7968894F450B298794181220BDE"
83,356386432,356388684,356620345,483.383089,483.697300,262,0.000000,-1357.702932,"Decawave DW-8",0.862702,1,12,0x4302,0x4302,1,"61885CF2F002000100000243"
84,360080128,360082379,360314040,488.392984,488.707194,262,-0.000000,-1331.107575,"Decawave DW-8",0.860323,1,12,0x09E6,0x09E6,1,"618867F2F00200010000E609"
85,363740032,363742283,363973944,493.357046,493.671257,98,-0.000000,-1180.472801,"Decawave DW-8",0.861085,1,12,0x4F2F,0x4F2F,1,"618871F2F002000100002F4F"
86,367451008,367453260,367684921,498.390381,498.704591,100,0.490207,-1135.158002,"Decawave DW-8",0.863241,1,12,0x6293,0x6293,1,"618879F2F002000100009362"
87,374810688,374812939,375044602,508.372584,508.686797,203,5.009491,-1816.627184,"Decawave DW-8",0.862509,1,12,0x37D6,0x37D6,1,"61888DF2F00200010000D637"
88,378496768,378499019,378730680,513.372150,513.686361,220,-0.000000,-1341.526724,"Decawave DW-8",0.862463,1,12,0xCBC2,0xCBC2,1,"618896F2F00200010000C2CB"
89,382186464,382188716,382420377,518.376622,518.690833,142,0.777598,-1274.695987,"Decawave DW-8",0.864809,1,12,0x3BFB,0x3BFB,1,"6188A0F2F00200010000FB3B"
90,385878016,385880268,386111929,523.383610,523.697820,77,0.000000,-1111.023158,"Decawave DW-8",0.859945,1,12,0x1D28,0x1D28,1,"6188AAF2F00200010000281D"
91,389473632,389475883,389707544,528.260475,528.574685,51,-0.000000,-720.322141,"Decawave DW-8",0.413029,1,12,0xEA53,0xEA53,1,"6188B3F2F0020001000053EA"
92,393205952,393208204,393439866,533.322759,533.636971,235,3.110741,-1633.190185,"Decawave DW-8",0.863423,1,12,0xDA5E,0xDA5E,1,"6188BDF2F002000100005EDA"
93,400507328,400509580,400741241,543.225884,543.540095,49,0.000000,-786.206978,"Decawave DW-8",0.858599,1,12,0x323D,0x323D,1,"6188D1F2F002000100003D32"
94,404327296,404329547,404561208,548.407046,548.721257,259,0.000000,-1353.826339,"Decawave DW-8",0.860887,1,12,0x88E0,0x88E0,1,"6188DCF2F00200010000E088"
95,407993504,407995756,408227417,553.379660,553.693871,220,0.031614,-1313.967120,"Decawave DW-8",0.860833,1,12,0x48D4,0x48D4,1,"6188E4F2F00200010000D448"
96,415362272,415364523,415596184,563.374190,563.688401,51,-0.000000,-737.860386,"Decawave DW-8",0.859822,1,12,0x28CE,0x28CE,1,"6188F8F2F00200010000CE28"
97,418939840,418942091,419183577,568.226577,568.554114,54,-4.464493,5933.117312,"Decawave DW-8",0.033947,1,25,0x3346,0x19FB,0,"15447ACCB93E727140C571E4130806A4236AF0498991DB4633"
98,426429472,426431724,426663385,578.385042,578.699253,49,0.000000,-764.096535,"Decawave DW-8",0.859503,1,12,0x8AF0,0x8AF0,1,"618815F2F00200010000F08A"
99,433794752,433797003,434028664,588.374841,588.689052,261,-0.000000,-1342.132458,"Decawave DW-8",0.861497,1,12,0x5C1A,0x5C1A,1,"618829F2F002000100001A5C"
100,437494464,437496715,437728376,593.392897,593.707107,124,0.000000,-1250.308487,"Decawave DW-8",0.860721,1,12,0xA00E,0xA00E,1,"618832F2F002000100000EA0"
101,441166656,441168907,441400568,598.373626,598.687836,60,-0.000000,-912.671812,"Decawave DW-8",0.860838,1,12,0x9003,0x9003,1,"61883CF2F002000100000390"
102,444860544,444862796,445094457,603.383784,603.697994,73,0.000000,-965.833409,"Decawave DW-8",0.860828,1,12,0x3EA9,0x3EA9,1,"618846F2F00200010000A93E"
103,448481504,448483756,448715417,608.295025,608.609235,49,0.000000,-655.028849,"Decawave DW-8",0.859053,1,12,0x7860,0x7860,1,"618850F2F002000100006078"
104,452145472,452147724,452379385,613.264600,613.578810,124,-0.374806,-1257.148846,"Decawave DW-8",0.863637,1,12,0x5EB3,0x5EB3,1,"61885AF2F00200010000B35E"
105,455912096,455914347,456146008,618.373409,618.687619,61,-0.000000,-977.583905,"Decawave DW-8",0.860470,1,12,0x1F38,0x1F38,1,"618863F2F00200010000381F"
106,459619040,459621291,459852952,623.401274,623.715484,262,-0.000000,-1342.503378,"Decawave DW-8",0.861181,1,12,0xA5E5,0xA5E5,1,"61886EF2F00200010000E5A5"
107,463303808,463306060,463556248,628.399061,628.738401,72,0.712125,-1357.974275,"Decawave DW-8",0.030579,0,71,0x0000,0x0000,0,""
108,466984896,466987148,467218808,633.391857,633.706066,114,-2.790451,-903.460066,"Decawave DW-8",0.862282,1,12,0x8D0B,0x8D0B,1,"618880F2F002000100000B8D"
109,474354816,474357067,474588728,643.387949,643.702159,262,-0.000000,-1333.761471,"Decawave DW-8",0.861264,1,12,0x4112,0x4112,1,"618895F2F002000100001241"
110,478059264,478061516,478293177,648.412429,648.726640,262,0.000000,-1345.022815,"Decawave DW-8",0.861679,1,12,0xE67E,0xE67E,1,"61889EF2F002000100007EE6"
111,481716672,481718924,481950586,653.373107,653.687318,73,3.795863,-1496.721149,"Decawave DW-8",0.862477,1,12,0xA7F5,0xA7F5,1,"6188A7F2F00200010000F5A7"
112,485410944,485413195,485644856,658.383782,658.697993,51,-0.000000,-813.519725,"Decawave DW-8",0.859955,1,12,0xE13C,0xE13C,1,"6188B1F2F002000100003CE1"
113,489087200,489089452,489321113,663.370025,663.684235,258,0.000000,-1332.674015,"Decawave DW-8",0.861505,1,12,0x5BE1,0x5BE1,1,"6188BCF2F00200010000E15B"
114,492784896,492787147,493018807,668.385345,668.699554,253,-4.953708,-270.713158,"Decawave DW-8",0.861616,1,12,0xFE24,0xFE24,1,"6188C4F2F0020001000024FE"
115,496465088,496467339,496699000,673.376925,673.691135,51,-0.000000,-810.518778,"Decawave DW-8",0.859759,1,12,0x5948,0x5948,1,"6188CFF2F002000100004859"
116,500151296,500153547,500385208,678.376664,678.690875,59,-0.000000,-842.828568,"Decawave DW-8",0.861138,1,12,0x9E3E,0x9E3E,1,"6188D8F2F002000100003E9E"
117,503844512,503844252,504067596,683.382503,683.685433,178,0.238751,2890.059712,"IEEE 802.15.4z SFD #2",0.024710,1,1,0x0000,0x0000,0,"37"
118,507532448,507534699,507784886,688.387992,688.727330,102,-2.676972,-886.043467,"IEEE 802.15.4z SFD #2",0.042770,0,70,0x0000,0x0000,0,""
119,511211104,511213355,511445016,693.377489,693.691699,73,-0.000000,-1009.758293,"Decawave DW-8",0.861746,1,12,0x9213,0x9213,1,"6188F5F2F002000100001392"
120,514897728,514899980,515131642,698.377794,698.692006,262,4.597472,-1775.328649,"Decawave DW-8",0.861760,1,12,0x46E9,0x46E9,1,"618800F2F00200010000E946"
121,518582080,518582093,518828875,703.371979,703.706699,208,-0.120752,-1947.659340,"Decawave DW-8",0.022558,1,32,0xA170,0x93B0,0,"0100E113B6FA443A15C061FD409003ADBFA908F4AB65F239082028977B0870A1"
122,522275136,522277387,522509048,708.384043,708.698253,139,-1.130313,-1258.422418,"Decawave DW-8",0.862041,1,12,0x16FE,0x16FE,1,"618812F2F00200010000FE16"
123,525843648,525843557,526123615,713.220970,713.600823,57,0.000000,-1378.855589,"Decawave DW-8",0.128471,1,70,0xD0F0,0x7247,0,"015673E49B5DEAF34D4FC1B212A0A4226AA984BEE6D39960B4090B910D5DB8283B388EA2A12551EE3BC0F730D90141570D2306672DAA5B1FC018DF18D58A7E8575A2466EF0D0"
124,529659360,529661611,529893272,718.399537,718.713748,54,-0.000000,-981.183208,"Decawave DW-8",0.860819,1,12,0xEDA8,0xEDA8,1,"618826F2F00200010000A8ED"
125,533341440,533341691,533591879,723.390965,723.730305,209,-0.122909,-1105.447322,"IEEE legacy/BPRF SFD #0",0.028969,0,20,0x0000,0x0000,0,""
126,537016160,537018411,537250071,728.377836,728.692045,163,-5.241969,-795.412446,"Decawave DW-8",0.859072,1,12,0x0762,0x0762,1,"618839F2F002000100006207"
127,540697472,540699723,540931384,733.370935,733.685145,59,-0.000000,-895.037601,"Decawave DW-8",0.860016,1,12,0xA9C8,0xA9C8,1,"618843F2F00200010000C8A9"
128,544385344,544387595,544619256,738.372932,738.687142,59,-0.000000,-963.740596,"Decawave DW-8",0.859618,1,12,0x99C5,0x99C5,1,"61884DF2F00200010000C599"
129,548086272,548086284,548336472,743.389600,743.728939,221,0.114897,-1652.540374,"IEEE legacy/BPRF SFD #0",0.032396,0,0,0x0000,0x0000,0,""
130,559141856,559144108,559375769,758.387733,758.701944,60,0.000000,-904.429235,"Decawave DW-8",0.860438,1,12,0xD84E,0xD84E,1,"618874F2F002000100004ED8"
131,566505600,566507851,566739512,768.375449,768.689659,126,-0.699716,-1220.671141,"Decawave DW-8",0.864123,1,12,0x1105,0x1105,1,"618887F2F002000100000511"
132,570079360,570078837,570329025,773.218909,773.558248,52,0.000000,-1243.474279,"Decawave DW-8",0.065264,0,5,0x0000,0x0000,0,""
133,573788480,573790731,574022392,778.253487,778.567697,49,-0.000000,-809.478150,"Decawave DW-8",0.390079,1,12,0xF0A0,0xF0A0,1,"61889AF2F00200010000A0F0"
134,577578144,577580396,577812057,783.393549,783.707760,262,0.000000,-1343.429289,"Decawave DW-8",0.862370,1,12,0x264A,0x264A,1,"6188A6F2F002000100004A26"
135,581248704,581250955,581482616,788.372064,788.686274,68,-0.000000,-1020.321106,"Decawave DW-8",0.861382,1,12,0x0BF6,0x0BF6,1,"6188AEF2F00200010000F60B"
136,584936384,584938636,585170298,793.373801,793.688013,200,2.957997,-1635.738863,"Decawave DW-8",0.863004,1,12,0x4D3F,0x4D3F,1,"6188B8F2F002000100003F4D"
137,588634144,588636396,588868057,798.389209,798.703419,262,0.000000,-1337.885664,"Decawave DW-8",0.862147,1,12,0x622A,0x622A,1,"6188C3F2F002000100002A62"
138,592315776,592318027,592577658,803.382741,803.734888,82,-0.674872,-1178.214728,"Decawave DW-8",0.023011,1,43,0x42B3,0xE60B,0,"8E533CC4566791C84EBB78D207707BB609EB6A446BA5A5C1B0647CF4016278038054B108846C324A63B342"
139,607057120,607059371,607291032,823.376968,823.691178,151,-0.339634,-1277.019570,"Decawave DW-8",0.863908,1,12,0x0E1D,0x0E1D,1,"6188F2F2F002000100001D0E"
140,610739776,610742028,610973689,828.371891,828.686102,262,0.000000,-1354.037644,"Decawave DW-8",0.861684,1,12,0x3E10,0x3E10,1,"6188FCF2F00200010000103E"
141,614364128,614363635,614623274,833.284010,833.636168,49,0.000000,-1233.638929,"IEEE legacy/BPRF SFD #0",0.041059,1,43,0xA8A0,0x1556,0,"0EC0391DDCABEDA8C67641BDE44C02918DF85AB0B6DF0191295DA966F4BD34BD068BD29CE1502E3A91A0A8"
142,618124448,618124331,618351464,838.384781,838.692849,202,0.107474,-1646.552032,"IEEE legacy/BPRF SFD #0",0.029717,1,6,0x01A0,0x5409,0,"98722172A001"
143,621818016,621820267,622051928,843.397715,843.711925,240,0.000000,-1337.455146,"Decawave DW-8",0.861441,1,12,0x3B42,0x3B42,1,"61881AF2F00200010000423B"
144,629170112,629172364,629404025,853.369634,853.683845,262,0.077823,-1365.196256,"Decawave DW-8",0.863515,1,12,0xC014,0xC014,1,"61882EF2F0020001000014C0"
145,632886208,632886181,633129945,858.406821,858.737447,191,-7.511058,-454.829968,"IEEE legacy/BPRF SFD #0",0.037821,1,28,0x4717,0x41AC,0,"BCB85320E8A009C8BCF80ECAF71CE5EF40DD4AB902C82F15EF871747"
146,643936256,643938507,644170168,873.397498,873.711708,262,-0.000000,-1328.809123,"Decawave DW-8",0.861776,1,12,0xEF01,0xEF01,1,"618855F2F0020001000001EF"
147,647620096,647622347,647854008,878.394025,878.708236,262,-0.000000,-1327.539048,"Decawave DW-8",0.862706,1,12,0xC9D2,0xC9D2,1,"61885FF2F00200010000D2C9"
148,651288928,651291179,651522841,883.370197,883.684409,191,4.447984,-1767.474919,"Decawave DW-8",0.864474,1,12,0x09E6,0x09E6,1,"618867F2F00200010000E609"
149,654882880,654882484,655136064,888.241216,888.585156,67,2.828085,-1658.192047,"IEEE legacy/BPRF SFD #0",0.028564,1,41,0x1B14,0x71EA,0,"27824DCBA9BFF448FE916ACA64977FF73B8C6436B301669B9BEE264F578C24CFDE1D34718377C8141B"
150,658672768,658675020,658906681,893.385173,893.699383,124,0.000000,-1268.604731,"Decawave DW-8",0.863264,1,12,0x69FC,0x69FC,1,"61887BF2F00200010000FC69"
151,662350656,662352908,662584569,898.373627,898.687838,261,0.035209,-1390.731963,"Decawave DW-8",0.864081,1,12,0x9BD5,0x9BD5,1,"618884F2F00200010000D59B"
152,666036960,666039213,666270873,903.373499,903.687708,73,-6.285948,-582.979680,"Decawave DW-8",0.860946,1,12,0xBD06,0xBD06,1,"61888EF2F0020001000006BD"
153,673408160,673410412,673642073,913.371327,913.685537,252,0.907816,-1408.088478,"Decawave DW-8",0.866344,1,12,0xB12B,0xB12B,1,"6188A3F2F002000100002BB1"
154,677025376,677027628,677259289,918.277490,918.591701,190,0.007749,-1313.795411,"Decawave DW-8",0.864361,1,12,0x9C97,0x9C97,1,"6188ABF2F00200010000979C"
155,680784928,680787179,681018840,923.376708,923.690918,59,-0.000000,-907.370824,"Decawave DW-8",0.864712,1,12,0xF7E2,0xF7E2,1,"6188B5F2F00200010000E2F7"
156,688163264,688165516,688397177,933.384218,933.698428,49,0.000000,-648.132002,"Decawave DW-8",0.862348,1,12,0x44F9,0x44F9,1,"6188C9F2F00200010000F944"
157,691841824,691844075,692075736,938.373583,938.687793,229,-0.000000,-1352.241842,"Decawave DW-8",0.863627,1,12,0x3952,0x3952,1,"6188D3F2F002000100005239"
158,695526912,695529164,695779352,943.371804,943.711144,262,0.000000,-1362.952014,"Decawave DW-8",0.863818,0,12,0x0000,0x0000,0,""
159,696151968,696151523,696401711,944.215933,944.555272,119,0.000000,43.467039,"IEEE 802.15.4z SFD #2",0.034105,0,19,0x0000,0x0000,0,""
