index,success,abs_start_detected,abs_start_fitted,samples_subtracted,alignment_correlation,integer_alignment_correlation,fractional_delay_samples,fitted_cfo_hz,global_gain,phr_gain,payload_gain,frame_suppression_db,clipped_component_count,fcs_pass,message
1,1,149879,149879,133042,0.993980920251152,0.956512936291441,-0.35,-150.237880368669,1266.16238163493-2820.53833248808i,0.338572882386461+0.0283782553923762i,0.838023651682484+0.0743760910610871i,5.44970626942943,0,1,
2,1,2362776,2362776,133042,0.994485468453123,0.94948681830173,0.37,-236.408311749739,2417.57829046323+1940.47265984735i,0.339283126499497+0.0265024562682638i,0.839466869747267+0.0887558341366589i,5.52477165648875,0,1,
3,1,4573807,4573807,133042,0.995364135701588,0.966936775561537,-0.3,-91.0708735044893,-531.5480124518-3049.39816323609i,0.340785067440079-0.00437111062810757i,0.839195553004684+0.0792558740504985i,5.40927170573723,0,1,
4,1,6784891,6784891,133042,0.994597662785112,0.994189665007426,0,-183.328503119872,-2320.68318514203-2010.98204637245i,0.341434389433988+0.018099951343513i,0.838847125116101+0.0869916105682118i,5.42804818975185,0,1,
5,1,8995998,8995998,133042,0.995759705556396,0.992866825366251,-0.0999999999999999,-159.771660318,1914.48028875604+2408.60392777657i,0.340802358394393+0.0270112060463044i,0.841334262677693+0.069639990905117i,5.45945943292974,0,1,
6,1,11201777,11201777,133042,0.995373014978504,0.989849958749874,0.13,-146.832618621817,1764.55369098724-2524.70763347901i,0.341489855222087+0.0106855615813494i,0.840090330760773+0.0905049702703031i,5.46210730040243,0,1,
7,1,13421279,13421279,133042,0.994452729202171,0.985125155793418,-0.18,-146.768403772831,3038.51534764134-514.358006122499i,0.340705101892302+0.0191439637129939i,0.837916812306035+0.0922766341929299i,5.5129566439361,0,1,
8,1,15631967,15631967,133042,0.995638268891545,0.995553741009046,0,-154.140886454664,-2911.0877478528+981.050214146233i,0.341387675155164+0.0157661182117624i,0.843324577788321+0.0414139812753583i,5.58032602605785,0,1,
9,1,17843653,17843653,133042,0.994971030195938,0.977345049599753,0.24,-226.795237460112,1845.53347691354-2473.51228028296i,0.340928717696641+0.0247811739562863i,0.826300712309091+0.177097661131093i,5.45579778527329,0,1,
10,1,20065389,20065389,133042,0.992777162684149,0.940899567407577,0.41,-51.7330012470822,-3030.87449476071+585.048903749221i,0.339668206868565-4.24554211908029e-05i,0.840535429939163+0.0163241275458514i,5.32064807582204,0,1,
11,1,22268272,22268273,133042,0.994157756144432,0.993401314505348,-0.0499999999999999,-177.155433103789,3051.59547301922+308.826508062628i,0.339758418015335+0.0208943880062661i,0.838506207843689+0.0902648383483104i,5.3230576491372,0,1,
12,1,24479753,24479753,133042,0.994308926775432,0.990938197207396,-0.0999999999999999,-109.354566270546,-1787.28267065441+2495.61147315079i,0.338303295840114+0.0380572862699871i,0.837520428603863+0.0944670278753126i,5.54035699181576,0,1,
13,1,26693305,26693305,133042,0.994008614713015,0.919733650994061,0.48,-173.996717562852,-2543.03810366886+1772.78431160781i,0.341454228664737+0.0109876872523932i,0.838906082557522+0.0877476394908643i,5.3540829460291,0,1,
14,1,28902930,28902930,133042,0.995260931184035,0.987100691502714,-0.16,-235.877621357653,2457.42655917877-1854.8066903983i,0.339439176662903+0.0411924265591858i,0.84222168207301+0.0639028912982633i,5.37729457257633,0,1,
15,1,31115538,31115538,133042,0.994599590005863,0.957144709931146,0.34,-155.519715851243,388.1049743303+3072.82057336718i,0.340795950249806+0.0246822223968538i,0.837617426373568+0.103545319130737i,5.40638515794002,0,1,
16,1,33318865,33318865,133042,0.995603719349732,0.995596653698505,0,-186.222827950381,-2962.49245624169-817.162331875303i,0.339480312366521+0.0378190848817405i,0.843804353618773+0.0713501623477346i,5.3996133631067,0,1,
17,1,35538934,35538934,133042,0.99529755852026,0.970061588533549,0.28,-87.3352683359797,-1426.35646734124-2741.84730351261i,0.340625630691318+0.0235391345949581i,0.840008001559772+0.0894521342913054i,5.44408367581777,0,1,
18,1,37751088,37751088,133042,0.994826615543941,0.992440581892122,-0.0899999999999999,-49.738388514654,-3041.66188327929+454.20496043747i,0.341112291509474+0.00661022902520011i,0.843511500754703+0.00621765837510314i,5.44184196164716,0,1,
19,1,39961905,39961905,133042,0.995308421142274,0.977780522752686,0.24,-182.285157548262,2111.83201259205+2253.50595667241i,0.341864428951761+0.0116767489443406i,0.838547159805219+0.0992042101131392i,5.49402178144589,0,1,
20,1,42182140,42182140,133042,0.995571162655901,0.984167590074131,0.19,-73.6576534082482,2767.54741747061-1360.84524496613i,0.341160703610409+0.0212579532271826i,0.844674112613472+0.0205771423504874i,5.41663023991167,0,1,
21,1,44386064,44386064,133042,0.995462421485503,0.990407334770557,0.13,-163.423201181794,957.94406010331-2922.77783892737i,0.342522448799357+0.00689647734792761i,0.842152137085326+0.0771866800561803i,5.51806883390284,0,1,
22,1,46598017,46598017,133042,0.994476246145178,0.950984706353155,-0.37,-242.511174822397,-2986.34765778133+815.958707958053i,0.338973917772821+0.0282452945192588i,0.827644815002846+0.153218604526369i,5.3331523288589,0,1,
23,1,48810867,48810867,133042,0.994860894714451,0.989343987928232,-0.14,-236.71856921253,-2833.76197166404+1193.31729749612i,0.339966194620484+0.0184647082171604i,0.834373701929631+0.122368524888858i,5.43014540535729,0,1,
24,1,51021584,51021584,133042,0.995029699991091,0.993244635035528,0.0599999999999999,-226.276150297837,-3046.7959106903+424.121029101708i,0.340482352752208+0.0333616220336222i,0.837751776501388+0.110891688160484i,5.48234509705879,0,1,
25,1,53233890,53233890,133042,0.993946762620056,0.940899587918037,0.4,-133.227588967551,1915.51515848075+2441.9486186201i,0.340753759581143+0.0168809811024774i,0.83721303110563+0.0975163134275595i,5.34457246945993,0,1,
26,1,55455378,55455378,133042,0.994941010066816,0.98668259753743,-0.16,-162.828605194349,-432.905542260501+3052.14461719537i,0.338765851079997+0.0361379117791975i,0.842193165530411+0.0532729777707464i,5.39657739090791,0,1,
27,1,57657576,57657576,133042,0.995162197992725,0.950603414868882,0.37,-180.03288479324,-3099.51893874093-97.3283248918363i,0.339221407249917+0.0414913299198356i,0.837327166803525+0.109880932822974i,5.46628779924257,0,1,
28,1,59869062,59869062,133042,0.993801783358706,0.928882019702782,0.46,-99.9013543728566,-770.83974914695-3000.72451953931i,0.338778105345995+0.0134080053654008i,0.83770857138272+0.0833969925554481i,5.41464472402773,0,1,
29,1,62080323,62080323,133042,0.994905426199426,0.981248301496584,0.21,-124.909169459463,2643.50606940142+1598.2411083024i,0.34178977467579+0.0200152882519296i,0.843172423631469+0.0607573656789794i,5.37879527599912,0,1,
30,1,64307299,64307299,133042,0.994468469489277,0.920075851837095,-0.48,-198.889326336275,1472.76474727687-2735.11143243403i,0.338405713701014+0.0360990126530049i,0.828478065139612+0.15458977639753i,5.46968383263017,0,1,
31,1,66504405,66504405,133042,0.995615754902505,0.994974994509304,0.0399999999999999,-165.70412089901,2327.29864689584-2013.77763301204i,0.339903559539741+0.0152778053426931i,0.837979074932214+0.0989737710205748i,5.4565795299365,0,1,
32,1,68716569,68716569,133042,0.995137877647823,0.966832776241683,0.3,-175.659144794661,-3055.33083102523-516.03638919952i,0.34106753542157+0.0215904508856425i,0.832248724856161+0.142872200697897i,5.38379759233208,0,1,
33,1,70929744,70929744,133042,0.994829762416233,0.91645367002856,0.49,-100.883646000555,-2576.70589495479+1736.84590272895i,0.339713039259846+0.0244745486178308i,0.839702423797489+0.0759862174726779i,5.38967386044111,0,1,
34,1,73139777,73139777,133042,0.995292780612986,0.991409351018524,0.11,-178.128551103084,-2351.96842573436-1991.73767584636i,0.341251448180651+0.0272409149790486i,0.834742172608804+0.135495795857315i,5.39258203909856,0,1,
35,1,75352509,75352509,133042,0.994244125672796,0.970456489428472,0.27,-119.6175850294,354.486225482044-3074.49057741544i,0.340746585282384+0.013471599280815i,0.841553189960439+0.0496826038749671i,5.43947484296167,0,1,
36,1,77574232,77574232,133042,0.995176182348109,0.963804181724754,0.31,-124.287982367979,2950.33607851324+947.84054221587i,0.340319749207221+0.030304166961344i,0.840836018096779+0.0743210459590137i,5.38260610941531,0,1,
37,1,79776437,79776437,133042,0.994653073160955,0.977682624145148,0.24,-266.088575671632,1579.64023116772+2657.32995821536i,0.337057725662743+0.059295232980061i,0.83473191903217+0.134139442954251i,5.57855732707104,0,1,
38,1,81987084,81987084,133042,0.994911080138067,0.934082289083945,-0.43,-185.007533456578,406.908924436402+3081.19929061668i,0.339203350151253+0.0248856706527309i,0.835989983995945+0.105163991199306i,5.47333266981959,0,1,
39,1,84199756,84199756,133042,0.994127429719996,0.933197465842157,0.43,-105.017523426706,-1213.99137153116-2859.43216291429i,0.338974324504512+0.0351044719357336i,0.84056579233413+0.0649320088540169i,5.34103697098305,0,1,
40,1,86419076,86419076,133042,0.994965535359947,0.949826162059086,-0.37,-204.838271958846,-2650.91940833127+1617.40943421245i,0.340171032332844+0.0216550592617799i,0.829472686035903+0.148880328070505i,5.49315538631496,0,1,
41,1,88623614,88623614,133042,0.994967951630862,0.942771787816106,-0.4,-64.4831910528861,-2193.94438973922-2198.10727332816i,0.340023915714263-0.0106840545960364i,0.840419852481263+0.0339877875031157i,5.35067376368931,0,1,
42,1,90835082,90835082,133042,0.995194529591301,0.925376798339172,-0.46,-167.653838366152,2576.28754834968+1739.97967953989i,0.339436991944681+0.00903393285718092i,0.839394294413437+0.0684224542526715i,5.37400950045557,0,1,
43,1,93047684,93047684,133042,0.995386286561798,0.963792393140782,-0.32,-232.802599762658,-2865.36093669995-1188.72855716549i,0.338949107195193+0.0344435699395178i,0.824058117035473+0.178227373290665i,5.38623477668362,0,1,
44,1,95258898,95258898,133042,0.994366132444591,0.993198054337329,-0.0599999999999999,-156.985337940151,-2258.06344383299-2089.24973234389i,0.339730269595508+0.00691283333282348i,0.840466954941989+0.0559302727198839i,5.40463816115073,0,1,
45,1,97470566,97470566,133042,0.995167846934362,0.995154139548251,0,-129.443935003396,-302.50638431573-3063.97784078043i,0.340672465330306+0.0222034727368668i,0.840928693848585+0.0549118543512401i,5.44196715324902,0,1,
46,1,99692856,99692856,133042,0.994815186903057,0.934809550874972,0.43,-209.522293001823,2816.66668390783+1312.30494792114i,0.339821740842059+0.0143694041781721i,0.835980661103959+0.105611169187761i,5.54798434071727,0,1,
47,1,101894914,101894914,133042,0.994535996206121,0.94195837631423,-0.4,-146.700922134295,-69.8430064718425+3103.76366809708i,0.33897554214431+0.0301966656944835i,0.836353564233907+0.102375083946933i,5.45835460856552,0,1,
48,1,104105761,104105761,133042,0.995404712927069,0.989030857273528,-0.14,-74.4630154166996,3054.72418097504-424.901430568333i,0.341642892153008+0.00658416694983534i,0.841627463304888+0.0660029435913636i,5.34206230237867,0,1,
49,1,106317974,106317974,133042,0.994000569239999,0.947668709028908,-0.39,-103.157789937622,-2916.55979331614+1053.62470640658i,0.339153363849906+0.00925397469908902i,0.838363710416879+0.0598025723956349i,5.41119288755035,0,1,
50,1,108538042,108538042,133042,0.995123284478512,0.942784249688308,0.4,-74.8615876559204,-2802.29339006553-1336.77769097943i,0.340883027913739+0.0225033607626499i,0.83974594263034+0.0850390295041107i,5.31830683063115,0,1,
51,1,110741139,110741139,133042,0.995479060527003,0.982393903172144,0.21,-190.281199310614,2281.45511256687+2085.89752998652i,0.340439941317439+0.024373338502602i,0.832165061506744+0.150195617971676i,5.46367126868664,0,1,
52,1,112953546,112953546,133042,0.995299640699109,0.992671340446866,0.0999999999999999,-219.246227232294,-1723.39093155591+2558.00023031861i,0.341895301485877+0.0126989998533743i,0.842524864533453+0.0653391854826279i,5.46078383234958,0,1,
53,1,115167099,115167099,133042,0.99526825663775,0.973008365467174,0.27,-297.436119576998,-2630.62484992926+1638.29636376097i,0.341345965792746+0.0188262100695785i,0.832472882187997+0.142165436321545i,5.49468771575065,0,1,
54,1,117377362,117377362,133042,0.995475226954789,0.992524370572526,0.0999999999999999,-232.849421845826,1884.01549755478-2437.98809558526i,0.341538448131592+0.0173622163070434i,0.838149437667308+0.111516109226355i,5.4468744752075,0,1,
55,1,119588216,119588216,133042,0.995850380471779,0.988591884233741,-0.15,-253.969162896949,3076.31650241117-215.143747642267i,0.339138588872165+0.0259615488000141i,0.836397361908225+0.105292715084294i,5.51065619316495,0,1,
56,1,121812001,121812001,133042,0.995252767760774,0.960793109022432,-0.33,-80.2848117926367,-1109.77778840981-2898.20357800056i,0.339748799136746-0.012699762917865i,0.840035340276436+0.0669063129822028i,5.34686544089924,0,1,
57,1,124012303,124012303,133042,0.995326036059835,0.972427664580875,0.27,-187.903388049429,-2024.45848817733-2345.03887203817i,0.339890232452169+0.0313583367160907i,0.831785953553359+0.147919805987636i,5.42117524148498,0,1,
58,1,126224190,126224190,133042,0.995101690935298,0.942722935450286,0.4,-130.523255705836,1208.31561046064+2864.10815819161i,0.33910098085861+0.0312081090402548i,0.834211083389569+0.117627528238153i,5.34651412314427,0,1,
59,1,128437419,128437419,133042,0.99547601561631,0.977622393492758,-0.24,-143.174515649439,826.447464988692-2982.48674101748i,0.337181352920773+0.0437030313515439i,0.838116450185245+0.0941351332385393i,5.45016736879766,0,1,
60,1,130656679,130656679,133042,0.995227214357829,0.977447714674883,-0.24,-108.99790528208,-1656.95918651367+2608.0171570237i,0.340720247502499+0.0206349059429917i,0.843199065774239+0.0437050431207908i,5.29035930804441,0,1,
61,1,132859645,132859645,133042,0.994805425871194,0.953254925155584,0.36,-283.163882299393,-371.749312792577-3081.93425429471i,0.338946378242457+0.0361341184929195i,0.834853305649453+0.122347937216544i,5.46644577177788,0,1,
62,1,135071651,135071651,133042,0.994033773535776,0.977158960419571,0.24,-210.1742600284,-2437.77645684812-1893.40196828618i,0.339193734832867+0.0195740493399228i,0.834936296406398+0.111383998314007i,5.41412402372336,0,1,
63,1,137284477,137284477,133042,0.9953491854823,0.99131390814055,0.11,-109.76065204244,2358.38398158087-1982.0916838139i,0.341641641587202+0.0158301318519492i,0.84076174706421+0.0966911626528784i,5.43034049190725,0,1,
64,1,139495632,139495632,133042,0.99586848665553,0.994756099018929,0.0599999999999999,-181.058034977587,124.323580858327-3079.13063832394i,0.341131479365595+0.0189826196942147i,0.839573942420848+0.0937761246415014i,5.4224285401123,0,1,
65,1,141706840,141706840,133042,0.994603934930409,0.915978117841925,-0.49,-218.590905809584,2591.97029507397-1716.27440912796i,0.339725378335996+0.0251440696044102i,0.833967389876633+0.122041496178536i,5.44481526052635,0,1,
66,1,143929887,143929887,133042,0.995240758815788,0.985434098282507,-0.18,-185.277205393377,3089.56418271268-38.1310120896044i,0.340011075179333+0.0190486967891164i,0.837819028028191+0.100353570165802i,5.35885958493919,0,1,
67,1,146131501,146131501,133042,0.994616631797518,0.983668420108194,-0.19,-189.515961206889,-3050.1294254821+466.456226548501i,0.338826595471519+0.0289240036023393i,0.832304467038906+0.133844522691291i,5.43600744202637,0,1,
68,1,148342513,148342513,133042,0.994999696108482,0.967261523523631,0.3,-215.654300250051,-1710.70811231326+2584.86897385016i,0.340231709588894+0.020824011246213i,0.838196918412287+0.102625306149932i,5.56796175247617,0,1,
69,1,150554761,150554761,133042,0.995538239772841,0.983984562655861,0.19,-120.462031792944,1283.60777368036-2810.17367095056i,0.340411897537802+0.021179192826473i,0.837797585974379+0.104728968176657i,5.4155028509382,0,1,
70,1,152770612,152770612,133042,0.995269716851265,0.935408634493105,0.43,-323.779316636344,-2807.83860039729+1332.82466630598i,0.337028695999458+0.0501702689802927i,0.819498572503524+0.191294153152968i,5.51218796394057,0,1,
71,1,154978967,154978967,133042,0.995139722850195,0.977241670591423,-0.24,-171.105163352756,928.470967897793-2952.92342675487i,0.33856887838549+0.0417842731953795i,0.838534410445746+0.08481575440736i,5.40641708409637,0,1,
72,1,157189365,157189365,133042,0.994945205457058,0.96666619319244,0.3,-172.933989458857,-1564.44821066262+2678.31540312824i,0.341328074333356-0.00491365373079228i,0.835823608738168+0.118941637075167i,5.50958994819487,0,1,
73,1,159410675,159410675,133042,0.995510653183863,0.988991613938885,0.14,-193.242020048649,3068.00078310169-338.503650924394i,0.340186674415251+0.0385612241626601i,0.833336712397461+0.14122111314989i,5.50810738484125,0,1,
74,1,161613583,161613583,133042,0.99546324608939,0.97751046394582,-0.24,-160.222182844929,1128.93793082208+2880.51728440435i,0.340235077655066+0.0152125856523604i,0.841182130483665+0.0669424007011269i,5.43081373448302,0,1,
75,1,163825777,163825777,133042,0.995346197617049,0.991449131685963,0.11,-154.891903087428,-2533.71923237752+1758.08903509059i,0.341983880310512+0.00441211724971233i,0.841636445503165+0.0761275765471867i,5.53828154296711,0,1,
76,1,166038314,166038314,133042,0.994868747952872,0.994298363989218,0,-238.002650972536,1134.14667392992-2860.66254776763i,0.339780419470699+0.0382921683813555i,0.830488124106065+0.149059450417042i,5.47164751018727,0,1,
77,1,168250639,168250639,133042,0.995539366766709,0.967334479859496,-0.3,-101.041252211778,1659.42183797588+2622.07602553565i,0.338890024719721+0.0223384285548213i,0.840567232643397+0.0578303824265261i,5.46346305075954,0,1,
78,1,170461043,170461043,133042,0.995650669231124,0.989410247453555,0.14,-109.637543736721,-2100.01542189161-2263.92536475332i,0.34070552282425+0.0181776969731417i,0.841277393502287+0.0793794411632916i,5.41705464920979,0,1,
79,1,172672310,172672310,133042,0.995693141481693,0.987931453401097,0.16,-59.5751274375547,2661.0647457537-1563.88932367882i,0.340337345934448+0.0282553615810305i,0.842506636981106+0.0678716686230842i,5.44461131010975,0,1,
80,1,174898547,174898547,133042,0.994999768088081,0.985151930965694,-0.18,-173.930042645457,2722.67826966469+1462.0354871747i,0.339877072734794+0.0275385198248833i,0.834847148213505+0.119225181751919i,5.46039601888243,0,1,
81,1,177096279,177096279,133042,0.994653170245518,0.960867639945628,0.33,-179.065835351668,-696.619045277093+3026.33590152329i,0.339885365513222+0.0303115099114341i,0.835227763665576+0.121843525587001i,5.46552563549088,0,1,
82,1,179308379,179308379,133042,0.995276494956967,0.961059762572007,0.33,-212.64325203664,1440.07752635277-2749.70437155193i,0.341335404919333-0.0110313342744864i,0.833380006913292+0.124964764005302i,5.42663802265092,0,1,
83,1,181530546,181530546,133042,0.994072519203991,0.954871139479126,0.36,-273.23615402588,-2606.40723635983+1681.67775856159i,0.33896768658682+0.0261181935190039i,0.835290216609034+0.111771685911767i,5.53451760467923,0,1,
84,1,183731852,183731852,133042,0.99434123376634,0.917135787058424,0.49,-286.894460817769,1143.13842202329+2894.51921874487i,0.339416403057938+0.0240093899359371i,0.827567185427103+0.150602444553066i,5.50004855098197,0,1,
85,1,185943622,185943622,133042,0.994990312975246,0.96954310085343,-0.28,-76.6246508637279,-2227.93607733278+2156.75590430942i,0.339210816083945+0.00678253815759809i,0.839422689501097+0.0855381950713081i,5.35461225398577,0,1,
86,1,188155515,188155515,133042,0.995418424972505,0.977415979466393,-0.24,-268.512892203445,-1945.0191734529+2409.294801379i,0.33942121332706+0.0273002613174911i,0.827470082630539+0.162592719209136i,5.41314656634318,0,1,
87,1,190367130,190367130,133042,0.995211216183209,0.970127225754529,0.28,-248.441241535709,99.4037015287618+3098.41413176942i,0.339354549375569+0.0304498302975059i,0.837097222326525+0.110146388854825i,5.4986138636466,0,1,
88,1,192580459,192580459,133042,0.995611722520045,0.985836480996906,-0.18,-232.141462631758,-3003.93268946068+731.649265595913i,0.339438772325266+0.0356046444248543i,0.833258190568215+0.134277670776804i,5.44210810332538,0,1,
89,1,194792346,194792346,133042,0.995715171086152,0.992797614800834,-0.0999999999999999,-78.7244935925154,3066.13466827994+310.561414772274i,0.339518495083024+0.0261525400132877i,0.839864639975723+0.0917166035920005i,5.36120420228834,0,1,
90,1,197009852,197009852,133042,0.994786638589056,0.988793888892824,0.14,-114.56334485166,-891.035298008003+2952.90662355665i,0.339093047279741+0.0200831015231478i,0.839190178607666+0.0791092605242727i,5.46251548461529,0,1,
91,1,199215867,199215867,133042,0.994993189099956,0.92116319443868,-0.48,-195.262671684189,-1357.65236741214-2802.06168370145i,0.336566964005107+0.0407523877658834i,0.82501512820829+0.170229371237649i,5.42578742468979,0,1,
92,1,201426696,201426696,133042,0.995514710348923,0.994203538134013,0.0599999999999999,-101.404403510166,1708.14184281462+2569.65406893289i,0.34053962225363+0.0193767570483366i,0.841714808132732+0.0671979292260605i,5.41922001977114,0,1,
93,1,203649046,203649046,133042,0.995589553074283,0.992780048268097,0.0999999999999999,-90.0217312503926,2443.71974671896+1887.37133602052i,0.341571419643015+0.0131751173157234i,0.83976763279966+0.10234677577362i,5.45580202974527,0,1,
94,1,205851097,205851098,133042,0.993739162722707,0.926046560713739,-0.47,-259.389259544541,-2705.56576348734+1528.05658843318i,0.332334818388688+0.0600074183639709i,0.828923956434795+0.136148050955279i,5.40507626430369,0,1,
95,1,208061886,208061886,133042,0.994839995198778,0.925959176878071,-0.46,-152.756121412313,-2821.43015189824+1321.99522984154i,0.339044059965363-0.0032175752267664i,0.841017558076943+0.0535907319303963i,5.37959336696644,0,1,
96,1,210273466,210273466,133042,0.994961043126711,0.942870308093913,-0.4,-57.2169517714364,-987.537770161836+2952.28888436724i,0.339911361058847+0.00957674126875024i,0.840896004736146+0.0527317865595358i,5.24899774366944,0,1,
97,1,212486764,212486764,133042,0.994972613401382,0.95060109629507,0.37,-195.775351369758,3035.44558513301-683.024733844109i,0.340153826596624+0.0192907391805082i,0.836541786093625+0.101078245979569i,5.43213559676296,0,1,
98,1,214697653,214697653,133042,0.994919059461687,0.921579891785565,0.48,-227.518735479316,-2695.88523364936-1562.51368256166i,0.338619960490408+0.0253111352827001i,0.834715818357198+0.116579637531598i,5.37312896191995,0,1,
99,1,216910049,216910049,133042,0.995885655724594,0.994501531732936,0.0699999999999999,-230.544938289804,3084.29915943802-149.411828146109i,0.339371708598198+0.0332445216871016i,0.83631101392546+0.120086656586208i,5.35381064934948,0,1,
100,1,219131205,219131205,133042,0.995528028913585,0.978020327040411,0.24,-81.4537613357205,-29.8056674231849-3100.07581682512i,0.341198039710755+0.0096294842130473i,0.84114126977259+0.0813853307046926i,5.40120270002637,0,1,
101,1,221333759,221333759,133042,0.995067563151135,0.921152344595001,-0.48,-188.881399683333,2942.47446952403-1015.45561128855i,0.339242471405327+0.0170555737693489i,0.833952197789789+0.121883828425552i,5.38456138485958,0,1,
102,1,223544807,223544807,133042,0.993173861678796,0.918752843256546,-0.48,-186.978156353756,-1944.86680670591+2426.70852064064i,0.337736565506132+0.0331882254937315i,0.837054613349206+0.0989308914761582i,5.45727548596195,0,1,
103,1,225767570,225767570,133042,0.995060632722288,0.994968772410718,0,-158.268640842856,-3031.92436257176+559.648655791007i,0.342016358444049+0.0124033459824878i,0.840441068684956+0.102592467068154i,5.40231176381669,0,1,
104,1,227969012,227969012,133042,0.994837656791842,0.934749736479297,0.43,-409.330051664813,-1859.28538474804+2498.05672181163i,0.335098566866007+0.0507542887497462i,0.805386638729332+0.248014357322267i,5.4201512266306,0,1,
105,1,230180982,230180982,133042,0.994924203010203,0.969745667077694,0.28,-196.877116217846,-444.414070537434-3069.31875910914i,0.337395902485155+0.0459695404035985i,0.834653336391774+0.123549099750989i,5.43047409740357,0,1,
106,1,232393455,232393455,133042,0.995220046354312,0.987416273299179,-0.16,-261.020934147818,3060.48948309951+433.773532764177i,0.337787793799004+0.030275738568849i,0.825706867847903+0.169740702070915i,5.52434434868423,0,1,
107,1,234605489,234605489,133042,0.995604336476045,0.978126761347541,0.24,-136.263650130339,-3064.62465904598+469.523468194012i,0.340289890628794+0.0280837935631754i,0.837210779451327+0.109850588645065i,5.4669587511108,0,1,
108,1,236816591,236816591,133042,0.995948970660493,0.987720963235371,0.16,-147.443977345859,2328.78743189859+2039.02393597633i,0.340205434580525+0.0209556322999522i,0.841544618891185+0.0537295130021114i,5.40658988408528,0,1,
109,1,239028165,239028165,133042,0.995513082223401,0.975388981972127,0.25,-247.183879969899,2642.65705601666+1622.15029660388i,0.339594917547359+0.0268603247297812i,0.833188633713277+0.131295803386829i,5.4295190931184,0,1,
110,1,241248890,241248890,133042,0.994582290457791,0.938297436216222,0.42,-145.104647932903,2981.5838606133-895.724616115564i,0.338245181408142+0.0325895656289002i,0.840328305450933+0.0593013095374636i,5.41370953927675,0,1,
111,1,243451343,243451343,133042,0.995209702637624,0.967205241514061,-0.3,-153.675661340434,-2912.09252373915-1083.89612088802i,0.338046171420352+0.0385348848862749i,0.838352143827593+0.0833432946202744i,5.39726411245354,0,1,
112,1,245663679,245663679,133042,0.993915135422049,0.921944040459584,0.48,-210.41443673248,631.971797001016-3043.88206147872i,0.33630450681528+0.0296359207995943i,0.829930847648436+0.136641028790078i,5.44969304348916,0,1,
113,1,247877338,247877338,133042,0.994549282656368,0.942723510470407,0.4,-176.532650984137,-1260.66962760667+2848.96439899604i,0.339563422608884+0.00851591678706875i,0.836636277250813+0.101593143423609i,5.50132811081233,0,1,
114,1,250087654,250087654,133042,0.994774231725016,0.979527619382363,0.22,-191.662657595052,3091.14772188374+249.583047826845i,0.339117942642711+0.029897147982804i,0.837993974282719+0.106660150299027i,5.49041558045784,0,1,
115,1,252299417,252299417,133042,0.994897452575713,0.966820270209801,0.3,-169.751425145788,-900.203527649011+2976.54552898868i,0.338894964858977+0.0285011914407981i,0.835886989152781+0.114323797278482i,5.54775990306091,0,1,
116,1,254510383,254510383,133042,0.995599080879327,0.99550088544967,0,-134.470542308119,1555.93780763692-2665.23214865546i,0.340613101708541+0.0196290879381103i,0.841630298842875+0.0712152359501557i,5.44569599115626,0,1,
117,1,256732656,256732656,133042,0.995354192885382,0.994310356453362,0.0599999999999999,-180.335191869546,2097.55758811218-2267.90820598512i,0.340387780799949+0.0213704143265932i,0.840366872479225+0.0863479410183436i,5.52377080555135,0,1,
118,1,258934879,258934879,133042,0.995225206671196,0.939139106442268,-0.42,-23.1567235307271,-598.827704297633-3058.64900307658i,0.338460705297117-0.00617519444101487i,0.842092132209031+0.0235506660359725i,5.41606287032227,0,1,
119,1,261145714,261145714,133042,0.994153034229689,0.948319774644643,0.38,-79.1169954454679,2079.10378529828+2316.34830542174i,0.339170982338372+0.0114386562431513i,0.841086363628156+0.0423510021500275i,5.39160339436361,0,1,
120,1,263359031,263359031,133042,0.993398415254128,0.93315008896144,0.44,-105.60407494106,-3111.29100589287+34.0428709639649i,0.339023789339607+0.00306311537887469i,0.832146033554432+0.119503192145927i,5.30336392904078,0,1,
121,1,265570180,265570180,133042,0.994885556962951,0.988803561650161,0.14,-119.860114405001,-2976.18289959305+843.493002951558i,0.339308664895719+0.0126803082699499i,0.841785847017057+0.0466708831247886i,5.354246590376,0,1,
122,1,267782947,267782947,133042,0.995104845707445,0.960532413724519,0.33,-21.8874007956502,-2971.87953722846-922.182531617574i,0.341058117828917-0.0194231506407818i,0.843671166027136-0.00581206257279563i,5.37808758220593,0,1,
123,1,270005604,270005604,133042,0.995580622401349,0.995580762005051,0,33.4554390334615,1297.7223959715+2799.88720868613i,0.340636324959407-0.0143080660950261i,0.844699010816728+0.0113327751411501i,5.35875473416808,0,1,
124,1,272206598,272206598,133042,0.995018856020757,0.987211272192626,-0.16,-85.1565277090418,-2204.04591650281+2171.01346141325i,0.340236305477745-0.00259734134496868i,0.838957937345919+0.0822126290510815i,5.41314446759681,0,1,
125,1,274418999,274419000,133042,0.992253190172622,0.922973147676937,-0.48,-204.40869406804,-883.340974491081-2972.62397941037i,0.335943422365365+0.0316837566842377i,0.830140011140808+0.128884137683093i,5.45814082484148,0,1,
126,1,276629911,276629911,133042,0.995051723010951,0.946978699028933,0.39,-148.377621712059,3107.5413038575-231.227282729883i,0.33926421516493+0.0196370094588599i,0.841095988139905+0.0504732166417958i,5.39735354039734,0,1,
127,1,278856007,278856007,133042,0.995264511243066,0.995284134128704,0,-229.643915741978,1646.46946513594+2609.86060748876i,0.33866294724127+0.0310444973082049i,0.841955977511941+0.0717393696076194i,5.55903796651307,0,1,
128,1,281053609,281053609,133042,0.994646749888211,0.992245971178148,-0.0799999999999999,-148.756897518122,1193.50641778151+2849.78897373895i,0.33939043421349+0.0238914484359241i,0.838938101250112+0.0937038462357656i,5.42312899162528,0,1,
129,1,283265000,283265000,133042,0.995600305381678,0.995609709463938,0,-134.275330715682,-371.827683452269-3065.80454380292i,0.339964212291558+0.0159687305257785i,0.838987702303315+0.091165289901139i,5.41871755112191,0,1,
130,1,285478305,285478305,133042,0.993444438265339,0.993316339866787,0,-241.885205619474,-1043.91154694116+2899.85819082691i,0.337657616682706+0.0108313822118626i,0.831090111432858+0.117643199156883i,5.44011044414849,0,1,
131,1,287688922,287688923,133042,0.994488460970155,0.921506725808039,-0.48,-183.555480733788,145.57879787901-3111.42789147243i,0.336587662225009+0.0359668766603149i,0.83680883508942+0.0845334562150476i,5.39348840499661,0,1,
132,1,289900597,289900597,133042,0.995253169617941,0.988744800044043,-0.15,-219.933721512941,-588.406040879147+3040.3188816005i,0.337809110047868+0.0406020913831466i,0.836414424115201+0.108061317341786i,5.49821457364347,0,1,
133,1,292113524,292113524,133042,0.995976107902436,0.995320867386893,-0.0399999999999999,-166.166147654197,1271.62532516758+2816.98401505283i,0.340560619508179+0.00363482441476114i,0.840708065050197+0.0713195436005886i,5.44178043267212,0,1,
134,1,294324146,294324146,133042,0.994839658651177,0.94323227541529,0.4,-186.68289596013,-2971.60591518144-928.570428828005i,0.339249839528251-0.000693601365692943i,0.834515706820824+0.126231590690204i,5.42008315876963,0,1,
135,1,296536312,296536312,133042,0.995403836317574,0.975363209598878,-0.25,-153.862297786913,2320.13671612713+2066.61844043338i,0.339058843797958+0.0069478848309988i,0.836491460180196+0.102412323119897i,5.34128220410807,0,1,
136,1,298747892,298747892,133042,0.99458135674598,0.991138157728744,-0.11,-23.1333204302926,3088.65892221156+143.713659975655i,0.339573689940827-0.0161553734191325i,0.843130208334261+0.0195506300028492i,5.46421234761753,0,1,
137,1,300973562,300973562,133042,0.994172180523164,0.992600721350856,0.0699999999999999,-82.1193197358299,2436.07880586373+1896.48587507999i,0.339262725915429+0.00698824397048453i,0.837291457588037+0.0933698674271294i,5.3890604287481,0,1,
138,1,303172074,303172074,133042,0.994916045757434,0.9695161225161,-0.28,-262.808403481878,-1312.32392076882+2820.1635933213i,0.337063641976733+0.0410422143196481i,0.829818440620938+0.146119866250819i,5.41200628883548,0,1,
139,1,305384741,305384741,133042,0.99574092116072,0.993568996309788,-0.0799999999999999,-220.368930555262,2016.21927952278-2346.11452902521i,0.339584399553198+0.0126167608332341i,0.829524806050309+0.15798594143261i,5.46305050241615,0,1,
140,1,307596085,307596085,133042,0.995686166484654,0.972989051562525,-0.27,-205.076990810015,2972.37869242234+918.50568327904i,0.337979620647776+0.0272914504487643i,0.834913330571386+0.108097140048149i,5.40813994432447,0,1,
141,1,309808291,309808291,133042,0.995334251252072,0.966868963041873,-0.3,-234.405898193266,2337.43665965509+2053.99687859555i,0.333961462508687+0.0611755303390841i,0.823723255744756+0.17718929198957i,5.5995255078449,0,1,
142,1,312018081,312018081,133042,0.993720153964789,0.96077667675855,0.33,-100.577561703647,525.096064925172+3059.40712385193i,0.336635098049555+0.0263534078243615i,0.837434691397592+0.0745102537235292i,5.37703130930393,0,1,
143,1,314232308,314232308,133042,0.994737854118314,0.963863035812474,-0.31,-283.109353813376,231.452517685116-3104.32117404884i,0.336396310788412+0.0398926860313001i,0.83027661482208+0.145357948132721i,5.4352570339709,0,1,
144,1,316442334,316442334,133042,0.994947657745555,0.92644182361365,-0.46,-71.1547174586065,-2870.99690820321-1218.49686535634i,0.338951367858044-0.00338201548957874i,0.839932501653355+0.0674699807011446i,5.42095760392603,0,1,
145,1,318654830,318654830,133042,0.995326701938905,0.993481137747954,-0.0799999999999999,-93.2908931238704,-3045.78252531113-534.273878898761i,0.338051851868898-0.0110286811945818i,0.841785527157361+0.0212162498729123i,5.40305905270429,0,1,
146,1,320866262,320866262,133042,0.995622578413443,0.980105130169087,-0.22,-99.9728085898095,-3046.59189525251+592.882559214238i,0.339043067899961-0.00125740167841538i,0.842916314151091+0.0227061023558933i,5.451157049796,0,1,
147,1,323088369,323088369,133042,0.995284379730114,0.977683828710455,0.24,-177.034009213832,1740.98482419254-2571.23787560184i,0.337972319590713+0.0353025873228827i,0.841206682271066+0.0736574245332525i,5.45392076582535,0,1,
148,1,325289245,325289245,133042,0.994856606294845,0.92978405843729,-0.45,-236.464791611234,-889.755114477858-2988.36751431528i,0.338301931216156+0.0117216544670175i,0.831805365286327+0.133708430595063i,5.47551210168345,0,1,
149,1,327502573,327502573,133042,0.994938574078725,0.939229570123541,0.42,-132.012865730008,2345.77821813438-2056.58907394223i,0.339026728083972+0.0120307393857134i,0.840089499234209+0.0583131976982984i,5.46382252648205,0,1,
150,1,329715424,329715424,133042,0.994936521831974,0.995020772486481,0,-99.4439485424256,1501.66756368862-2700.76602678185i,0.339180164598268+0.015930442573431i,0.839051000167247+0.0931409883661624i,5.45525297324163,0,1,
151,1,331926702,331926702,133042,0.994147250519242,0.990646205925153,0.0999999999999999,-233.789948613493,3013.53587787921-691.664612260613i,0.339197921267481+0.0352444559274608i,0.840056131160083+0.10544243729206i,5.44765624930221,0,1,
152,1,334137763,334137763,133042,0.995258167618527,0.92178907314345,-0.48,-164.044786742882,2134.38153235509+2279.46298141713i,0.33668843640219+0.0284589185623732i,0.838755391003074+0.07531478890493i,5.46498541942784,0,1,
153,1,336360940,336360940,133042,0.994959738829853,0.935078720178319,-0.43,-133.723780094426,-2388.30653968037+2008.77441695276i,0.338685308556619+0.0107978670808642i,0.839009481098331+0.0684261178625008i,5.42317094942945,0,1,
154,1,338561165,338561165,133042,0.995355853035319,0.988447336027838,-0.15,-262.990225232144,-2917.25036327537+1049.1542379785i,0.338365266335543+0.0247606186517877i,0.837107646672272+0.0843222969180066i,5.55876311173957,0,1,
155,1,340773536,340773536,133042,0.994511583087853,0.950210519707154,0.37,-71.5822116846112,2179.4638875503+2223.79108253687i,0.335593185436928+0.0484368452328669i,0.838842329286774+0.0915305560675514i,5.32455170411533,0,1,
156,1,342983864,342983864,133042,0.994596867323933,0.963555541163274,0.31,-196.965961016254,-1930.10898375827-2438.37768460885i,0.337489399295629+0.0371795664682127i,0.835746626168836+0.111909585833481i,5.47483662824897,0,1,
157,1,345200773,345200773,133042,0.995511287326325,0.99355914118303,-0.0799999999999999,-277.940044933009,-1859.45340233904+2469.02058988702i,0.338447402170191+0.0313718826459092i,0.835006405641511+0.128580466268038i,5.46783115340525,0,1,
158,1,347408348,347408348,133042,0.99492388243476,0.935033698549019,-0.43,-33.824784349519,-1012.51697288868-2945.65849886814i,0.338547778295314+0.00940638152764991i,0.840718006810714+0.0521423595508309i,5.28892234695927,0,1,
159,1,349620737,349620737,133042,0.994859218324601,0.994439702654255,0,-154.577388739316,1762.65330584864+2537.08009679861i,0.339924699742007+0.0184534001494395i,0.842666271307658+0.0713439694310965i,5.46278512180857,0,1,
160,1,351833404,351833404,133042,0.995488414409405,0.994148687155144,-0.0699999999999999,-168.161601285712,-1143.69658876225-2872.32853509894i,0.338136753832279+0.0319288543238093i,0.832498040537417+0.142930351815768i,5.50506893337716,0,1,
161,1,354043341,354043341,133042,0.994519979072048,0.954043712809939,0.36,-110.668370936788,-441.324879932697-3084.34024004203i,0.339411054699255+0.00909197646032253i,0.843217292337978+0.0232624679950289i,5.36303297011597,0,1,
162,1,356255631,356255631,133042,0.994417604338733,0.93829473559038,-0.42,-185.98375997557,-2861.77270811397-1242.06547298652i,0.337780827665409+0.017389153690192i,0.838807926613557+0.0705515205419352i,5.50252530089573,0,1,
163,1,358469214,358469214,133042,0.99508570762145,0.948391808736407,-0.39,-113.715883065725,1043.94801664859+2939.13230987129i,0.336639722999784+0.0326110299188224i,0.838013330185591+0.0727880233984722i,5.31323308421534,0,1,
164,1,360678874,360678874,133042,0.994849284321739,0.942443159984343,-0.4,-254.671477013256,2376.53587659172+2021.7856441431i,0.336473596811265+0.0342803155364861i,0.828921232705323+0.13868489721795i,5.43449378498539,0,1,
165,1,362891564,362891564,133042,0.995646059092458,0.990465145815517,0.13,-185.203992720791,-1198.00017288394+2856.44741973919i,0.34013170204703+0.0130525891933988i,0.839031923934617+0.10004181253615i,5.43251213407611,0,1,
166,1,365102358,365102358,133042,0.991889892136919,0.939226707641156,0.42,-133.71294236219,-149.725810104662+3098.41529501139i,0.335960519253047+0.0169797789767433i,0.834623147515476+0.0937935303545976i,5.23312096545397,0,1,
167,1,367322221,367322221,133042,0.994990438722055,0.995224138874803,0,-305.0542232904,-633.998411315415+3025.27602386592i,0.336537868146266+0.0523782397612741i,0.834335103503398+0.132814435291686i,5.46172551343495,0,1,
168,1,369526393,369526393,133042,0.995226698857329,0.947469360720271,-0.39,-114.457573390754,-1984.27090613401-2407.30170261769i,0.337640472601821+0.0197292225725921i,0.840359699599398+0.0462751583329251i,5.4372748366615,0,1,
169,1,371738357,371738357,133042,0.995381822559721,0.978878824410146,0.23,-306.861967337643,2302.93194971554+2085.2148690908i,0.336583300304126+0.0446354899155387i,0.823205058657819+0.180657667138012i,5.49831349786457,0,1,
170,1,373952064,373952064,133042,0.995491443979852,0.984065956932104,-0.19,-224.945932629487,2946.86281401152-963.379351726329i,0.338556045241179+0.0247579197819791i,0.834529571932363+0.122758554685438i,5.3845779241041,0,1,
171,1,376162368,376162368,133042,0.995310273758399,0.983864361698773,-0.19,-200.070206289352,1099.34945154318-2904.46756808651i,0.339257245394101-0.00562919404703282i,0.841354894357211+0.0350784950800919i,5.42332878728812,0,1,
172,1,378373487,378373487,133042,0.994765215768541,0.994515292247973,0,-128.08878693171,1465.85525591736+2719.51388026637i,0.33895073065612+0.0321592367005319i,0.834335552989533+0.135715420163885i,5.39397277378952,0,1,
173,1,380588322,380588322,133042,0.99530898102718,0.995275383308257,0,-169.230741104717,1980.92867307994+2373.95861601942i,0.339713473004069+0.0182250561187381i,0.84104810623371+0.093723002306826i,5.44944523133572,0,1,
174,1,382798420,382798420,133042,0.994621111193779,0.923228887168016,-0.47,-124.818251998821,2837.41781773353-1306.58045971428i,0.336752206516566+0.0312952370767344i,0.835091626994974+0.105675650892036i,5.37778204370343,0,1,
175,1,385010520,385010520,133042,0.993880148078364,0.939601490233062,-0.42,-169.415843468892,-3071.15127059133+525.430570557948i,0.337266884592817+0.00995772535815845i,0.836025495207656+0.0805837145837886i,5.39362398218806,0,1,
176,1,387222182,387222182,133042,0.994192413301673,0.956599259297774,-0.34,-205.087846957857,1470.42987075411+2746.57747278382i,0.336444706367097+0.0332956939806028i,0.829105415017319+0.153221477443258i,5.46614779806199,0,1,
177,1,389436817,389436817,133042,0.994523027312414,0.947313671213526,-0.39,-90.1066972522681,2953.42994903049-996.729057031353i,0.337367803185718-0.000407401955457237i,0.841161890579479+0.0135412421657325i,5.53203740524713,0,1,
178,1,391644704,391644704,133042,0.994862053748995,0.994710058518516,0,-139.737129039243,2243.06021573773-2129.79955160088i,0.339862358186884+0.00328581105270809i,0.842195126663794+0.0691250250795915i,5.47831314838856,0,1,
179,1,393856514,393856514,133042,0.994353635873532,0.926188362099563,0.46,-104.669727024408,-3122.93410806069-0.980982387586897i,0.337880523812262+0.0242408964351475i,0.839078529649418+0.0689217060715297i,5.36420175487471,0,1,
180,1,396070174,396070174,133042,0.994857355977671,0.969924921044902,-0.28,-41.7515980438655,3050.03802556325+622.725247514644i,0.338248771841731+0.00966937172785567i,0.842335891997017+0.0374992614922424i,5.30746881596624,0,1,
181,1,398279284,398279284,133042,0.994476362477522,0.917002113238946,0.49,-165.728523352498,-315.744454948782-3108.27413941931i,0.338476325040964+0.00226309534433708i,0.834724695220119+0.107089241986669i,5.43766764507073,0,1,
182,1,400492229,400492229,133042,0.995162887452506,0.93950974406323,0.42,-158.967687792631,-1494.319889553+2741.45196242944i,0.338212167929117+0.0151132981333857i,0.837879053663361+0.0907778955420175i,5.42157325651254,0,1,
183,1,402706438,402706438,133042,0.995153731882829,0.995121060839229,0,-194.452270034903,1979.89601641201+2375.57391018135i,0.338478845522113+0.0291533119830399i,0.836066406509339+0.133196891958507i,5.50065835472292,0,1,
184,1,404915927,404915927,133042,0.995125395302922,0.990669877862141,-0.11,-266.887304076456,-3094.40306422975+100.865246404084i,0.337224562050827+0.0401147441357272i,0.83514010480514+0.120760061201198i,5.56933179163724,0,1,
185,1,407128375,407128375,133042,0.994950352381775,0.97243586660794,0.27,-199.6188040168,2338.71503612506+2049.78096538398i,0.339278899609707+0.0209178244034999i,0.834048204995389+0.131159757627135i,5.4803008258495,0,1,
186,1,409340369,409340369,133042,0.995322818252847,0.995487338933145,0,-357.023384918215,2195.91103717691+2176.02867628129i,0.33885547945472+0.0273705937403453i,0.824338868356415+0.188716990764616i,5.56624945024613,0,1,
187,1,411555824,411555824,133042,0.995111937495724,0.975427419533534,0.25,-250.260217687868,-1414.11191915937+2767.60544248173i,0.337864563617899+0.0379743056835597i,0.828621168172752+0.163033480585007i,5.43253419108058,0,1,
188,1,413763299,413763299,133042,0.994896976907799,0.921952243322712,-0.48,-116.963048631819,2686.18850793188+1592.20855431485i,0.335697886496813+0.048849363414538i,0.840147339619354+0.0526645204627431i,5.4535314068189,0,1,
189,1,415976409,415976409,133042,0.994930222050361,0.975793819512153,0.25,-222.739606005873,-2386.58887352454+1987.84948721679i,0.337926670789955+0.0247019634066869i,0.830247666400308+0.142806042041535i,5.46274977037935,0,1,
190,1,418187699,418187699,133042,0.995227313070625,0.982068821161278,0.21,-152.409296184373,-1372.07360391697+2786.83817266002i,0.339005279193764+0.0287806507892801i,0.839410569039628+0.0851179642853327i,5.36887526284487,0,1,
191,1,420399516,420399516,133042,0.995144276814057,0.983730548988507,-0.19,-83.9825804077121,-1534.92970782878+2697.37480697637i,0.338848992122781+0.0104396892126146i,0.841020352797049+0.0585997651083552i,5.41786495140882,0,1,
192,1,422610476,422610476,133042,0.995138347514813,0.950807324112171,-0.37,-116.259084169846,2909.15678135455-1121.52644326901i,0.338500234898643+0.00879119871876472i,0.840130490359101+0.0504064954260906i,5.39353527710429,0,1,
193,1,424823958,424823958,133042,0.995672386120802,0.99262018249704,-0.0999999999999999,-232.533140918554,-3094.38510254255+126.478925811083i,0.335561616537034+0.0515600679241162i,0.830203688379689+0.151734072825318i,5.44516525001274,0,1,
194,1,427034776,427034776,133042,0.994564430332225,0.949528479620106,-0.38,-199.598573388696,2305.89805703711+2100.12086185542i,0.335591880476663+0.0443862066339733i,0.833140482070383+0.124889387658992i,5.4508495914714,0,1,
195,1,429246386,429246386,133042,0.994732348432906,0.92538011642582,-0.46,-217.562490410468,2969.0716550055+982.231735197803i,0.337549053507958+0.02669213903221i,0.836769100099403+0.0923910801092453i,5.40287653507966,0,1,
196,1,431458722,431458722,133042,0.995175281647743,0.969838208127803,-0.28,-150.760490372136,-361.30736812855-3093.74587526575i,0.338735828062924+0.0106498980905736i,0.839332872356312+0.0793889818854448i,5.40029151191528,0,1,
197,1,433678638,433678638,133042,0.99429184666706,0.988413683150384,-0.14,-66.8722243701796,3021.61991188388+680.237383203665i,0.337818741103067+0.0157335215750401i,0.839598995491167+0.0563331762188429i,5.4099327465513,0,1,
198,1,435883182,435883182,133042,0.995174024011585,0.926219532505226,-0.46,-258.934835541549,2070.1947251968+2339.39156334268i,0.334122187118391+0.051944455598232i,0.829117199031014+0.147268609370204i,5.51155205761291,0,1,
199,1,438093060,438093060,133042,0.995234445071448,0.994103664140971,0.0599999999999999,-178.359441295144,3084.69889305084+242.847194550623i,0.339410557252972+0.0213925723159506i,0.839303155176223+0.0891155644803709i,5.43498532321473,0,1,
200,1,440306897,440306897,133042,0.994965639666994,0.930508248493211,-0.45,-144.388867243103,2935.25756310661+1062.7092038809i,0.338151482411866+0.00849277763529436i,0.828527260707943+0.150657179315355i,5.36748519141437,0,1,
201,1,442517662,442517662,133042,0.993642074186039,0.989048690251882,0.13,-186.999632825305,-2661.53990981053+1572.23600268659i,0.337994948677972+0.0201322908740555i,0.833777471649831+0.113454266489128i,5.39972016046056,0,1,
202,1,444729176,444729176,133042,0.994950064336335,0.950329478126079,0.38,-76.6561267264078,908.359863248511+2985.86102587756i,0.339513589688234-0.00528876095954358i,0.838871535717819+0.078214831492257i,5.36809091558842,0,1,
203,1,446942032,446942032,133042,0.995087218598964,0.950769361681902,0.37,-184.019062730701,2616.67540098732+1699.76140878892i,0.338343201701361+0.0204311992430371i,0.830712483352237+0.140550548844176i,5.38880189999954,0,1,
204,1,449152207,449152207,133042,0.99531917145664,0.97764265276479,-0.24,-224.493185680947,82.094525474967-3100.00956498253i,0.338590250061949+0.0135346293273083i,0.82984934333363+0.14373177503582i,5.4401248958821,0,1,
205,1,451363864,451363864,133042,0.994882589613972,0.989319126658813,-0.13,-172.041337074058,-2947.26547847884-945.798957775378i,0.338066322472836+0.0216953749685594i,0.840822837524795+0.0625034141697795i,5.45514374632577,0,1,
206,1,453576625,453576625,133042,0.994963379128527,0.985354191883845,0.18,-100.042832299215,-677.164332229639-3025.9121589434i,0.339799442743473-0.00635565422528755i,0.842294229537592+0.0594570420481973i,5.35160164247816,0,1,
207,1,455800866,455800866,133042,0.994590705529049,0.957176081605344,-0.35,-226.538961936467,3080.46013601776+461.488530097161i,0.337388884984751+0.0193838065512172i,0.837660272092726+0.0665565168576899i,5.43556900229248,0,1,
208,1,457999631,457999631,133042,0.994771078600352,0.960708871918088,0.33,-319.721234556121,-2008.25751447758-2384.69756707105i,0.338004946718647+0.0237551677604006i,0.831536482595316+0.137996812226381i,5.51081655766242,0,1,
209,1,460212169,460212169,133042,0.995396936968074,0.982200968624965,-0.21,-151.491004546795,3004.86166485591-775.880833307174i,0.338136977659269+0.025386348320794i,0.841370618638569+0.0523646352649874i,5.39317969040793,0,1,
210,1,462425113,462425113,133042,0.995083522218139,0.991181059544248,0.11,-104.954028999439,-2763.89215498523-1395.13687117042i,0.338466975437686+0.036185380884401i,0.836517531082133+0.118852151805858i,5.46222123056503,0,1,
211,1,464635494,464635494,133042,0.995072074878357,0.980339941041908,0.22,-274.586835504575,-1455.2952377025+2744.54971303375i,0.338930430063779+0.0205299918168497i,0.838834717784104+0.0945350150366253i,5.55758149733908,0,1,
212,1,466847618,466847618,133042,0.994962478836543,0.986504940394803,-0.16,-234.405688029549,-3093.88468855239-196.002071923564i,0.33965142190994+0.00496301767370788i,0.832864477817507+0.12824047778871i,5.454751499447,0,1,
213,1,469061324,469061324,133042,0.995285729262677,0.97531487486995,0.25,-135.015010763776,-2361.54550038373+2027.18718570452i,0.339771741309393+0.0153936559653885i,0.840542177340865+0.0538757697605731i,5.42997096328971,0,1,
214,1,471270979,471270979,133042,0.99394591112943,0.937843037619148,-0.42,-192.124647125029,-2497.00996080669+1870.63994896938i,0.335368257029824+0.0482380263069462i,0.835644376207492+0.109703364736301i,5.39085031875064,0,1,
215,1,473482913,473482913,133042,0.99548119868556,0.989046768233232,-0.14,-116.0150859609,-296.298092411226+3083.93204618486i,0.339408879839525+0.0167627360142247i,0.841616653711424+0.0659154831502742i,5.41280806271256,0,1,
216,1,475695462,475695462,133042,0.995227047686239,0.992405282902742,-0.0999999999999999,-56.9904680195717,-2904.81548667799+1072.12356236587i,0.34014692935433+0.0111321381916064i,0.843153037940621+0.0418386093304008i,5.39108162065549,0,1,
217,1,477907828,477907828,133042,0.995003803575464,0.93516693632316,-0.43,-101.926147035467,184.864826480006+3118.10239029352i,0.338545492649756-0.00043331137148537i,0.838256834024987+0.075365943147581i,5.36213082323351,0,1,
218,1,480118256,480118256,133042,0.994261643677074,0.962550599923164,-0.31,-234.175397879443,-1534.5416150694+2707.82144723566i,0.33850296131524+0.0164874929738743i,0.835449843910062+0.110405656346634i,5.46843590877796,0,1,
219,1,482329434,482329434,133042,0.994747485898785,0.969624057119273,0.28,-110.790656196043,1589.75895956082-2675.83741811318i,0.339069798608426+0.0127608729813868i,0.840424347411724+0.06606100055926i,5.38452943940075,0,1,
220,1,484543454,484543454,133042,0.995119449842012,0.995173198078885,0,-114.938004527804,-729.115724365857+3005.42419890641i,0.339735014064631+0.0124270146004427i,0.840252714077559+0.0617873787797552i,5.40021682930273,0,1,
221,1,486755471,486755471,133042,0.995366649202804,0.981955147107249,0.21,-121.376395604112,3096.70093150332-257.843612527797i,0.339865768626864+0.0134327922303608i,0.843336175937194+0.0387585705614278i,5.41822391374772,0,1,
222,1,488966330,488966330,133042,0.994511114778701,0.926577018992713,0.46,-187.485834129141,3055.62543840649+650.538939930802i,0.339514191189037-0.00152785024675816i,0.837936206693555+0.081622219949601i,5.55099252618089,0,1,
223,1,491190181,491190181,133042,0.995538484168005,0.982130067132234,-0.21,-250.765604446123,1459.15904538882-2744.27026132074i,0.337153132048421+0.038004194842944i,0.831697960280648+0.141723066235851i,5.51977394623429,0,1,
224,1,493389821,493389822,133042,0.991772146918857,0.928943235339159,-0.46,-154.932344573761,2704.01661540434+1523.31339797141i,0.335807358535746+0.0155406652422069i,0.836095874244289+0.0778309350100384i,5.31488996467789,0,1,
225,1,495600622,495600622,133042,0.995626044712324,0.995650647597952,0,-88.3362066848613,3065.81295859745-410.322300290649i,0.339633865880854+0.00914850154139624i,0.8443653039258+0.016473302015719i,5.48355002208686,0,1,
226,1,497814288,497814288,133042,0.993425824743158,0.980245557192208,-0.21,-85.5069865128541,-2698.30279531921+1509.02288174646i,0.336290137616094+0.0179358589371347i,0.835991912226099+0.080186969083363i,5.34587033305169,0,1,
227,1,500034085,500034085,133042,0.994652288484808,0.99433681779663,0,-156.692690289728,-2117.31336830338+2254.52290827417i,0.340412426958191+0.00953375093875583i,0.841400131236305+0.0838623759947164i,5.51954806066008,0,1,
228,1,502236809,502236809,133042,0.995577104353359,0.985964758158376,0.18,-114.092272605584,1507.42813432419+2711.12298557599i,0.339722641803665+0.0264316850056386i,0.841043409037449+0.083197020133023i,5.4340603362346,0,1,
229,1,504448797,504448797,133042,0.995503987804876,0.973057912192384,-0.27,-130.107344799654,-991.574425479691+2951.49537358192i,0.338205910852711+0.0199651274995509i,0.83860247361864+0.0694274007718958i,5.37882965788539,0,1,
230,1,506661694,506661694,133042,0.994666956437235,0.991290713367905,0.0999999999999999,-215.791774514338,-2506.69780210237-1816.85905545773i,0.337278900439285+0.0489371807777583i,0.835113031018064+0.134434258086203i,5.44979693478698,0,1,
231,1,508872979,508872979,133042,0.994468407115904,0.94448903871597,0.4,-193.152324501464,-2217.25089076468-2189.17189532196i,0.336644896485009+0.0316783504290593i,0.829737903793375+0.136792776590821i,5.39156040343369,0,1,
232,1,511084459,511084459,133042,0.99512288145996,0.92210835570716,-0.48,-144.006526574164,2437.72179617496-1956.20364517827i,0.337121814093713+0.0289827493971808i,0.840942897295085+0.0331101109748488i,5.3536828907764,0,1,
233,1,513298236,513298236,133042,0.994403482888181,0.916585299692285,0.49,-141.694214550622,-53.9107226647209-3125.04740376953i,0.338680621273399+0.00393885304233363i,0.835364881640702+0.101416534082399i,5.5090582836547,0,1,
234,1,515508369,515508369,133042,0.993736668642371,0.947003387491669,0.39,-183.884710047778,2915.06258313533+1088.02960607167i,0.335686551488656+0.0382151214736253i,0.831377797589652+0.132598193963127i,5.43826297756475,0,1,
235,1,517720256,517720256,133042,0.995583399453721,0.990775728913064,0.13,-185.661272666742,-2749.75401469051-1432.95335638265i,0.339807565162626+0.0233561619637764i,0.841179274759776+0.0755214008445276i,5.52660351063928,0,1,
236,1,519932604,519932604,133042,0.995340124749481,0.99551963722495,0,-280.39482506208,-2014.57541710397-2347.1240647157i,0.340029662094149+0.018067649540502i,0.831755676462066+0.147456707430921i,5.46722274499332,0,1,
237,1,522157187,522157188,133042,0.993883493140488,0.929709587183036,-0.46,-88.2120448319462,2732.95843270427+1496.66283453722i,0.335282011543087+0.0395445875931146i,0.840004254030544+0.0220112701650369i,5.30883167855166,0,1,
238,1,524354453,524354453,133042,0.995151711901183,0.931043476692521,-0.45,-138.259416077624,2202.74971698082-2213.72979607749i,0.337842893851595+0.00197167191782864i,0.836368187604304+0.097700530792282i,5.37802621194051,0,1,
239,1,526567309,526567309,133042,0.992610662316097,0.920488777547261,0.49,-167.668847553231,159.911925325285-3102.13200499745i,0.336195673627525+0.023938598060583i,0.835047348964759+0.0854581625123671i,5.38393524803008,0,1,
240,1,528778889,528778889,133042,0.995009804020506,0.981504125673318,-0.21,-162.84734633002,-2271.54469700778-2116.63841573733i,0.336607127646169+0.0428209130653178i,0.837634399328543+0.0972825590119984i,5.45319506836393,0,1,
241,1,530990900,530990900,133042,0.995648093341997,0.994420034278204,-0.0599999999999999,-95.4302909467773,-2684.93877040158+1534.12332748526i,0.339904470665813+0.0119884914986017i,0.843026418585675+0.0407389513592034i,5.43592494412227,0,1,
242,1,533202888,533202888,133042,0.995204494854647,0.964137463149266,-0.31,-158.163792039218,-3068.35696500457-515.546076517021i,0.337977839990915+0.0258869184677206i,0.83728589633228+0.0944848135248833i,5.35924094190279,0,1,
243,1,535418539,535418539,133042,0.994642635958941,0.985161536709005,-0.18,-146.794119322349,3080.45307459136-310.281001852888i,0.336812281122741+0.0315962392118965i,0.840081861190416+0.0369978616586813i,5.43936959039833,0,1,
244,1,537626302,537626303,133042,0.993083407572436,0.933899997767389,-0.44,-160.052368824755,-1441.62545321261-2750.50350729942i,0.336741320267609+0.0230039445231636i,0.833935188236167+0.110758015380393i,5.47087028993619,0,1,
245,1,539838963,539838963,133042,0.995724247603728,0.99375884738418,0.0799999999999999,-206.797511688561,-1155.39311591688+2867.78818029794i,0.341161847483921+0.0125351811532919i,0.833991545256507+0.135552082561347i,5.54115847407689,0,1,
246,1,542050898,542050898,133042,0.994766680733615,0.979760195097493,-0.22,-167.069302477836,1397.59701809213+2771.88547970567i,0.338944484926278+0.0210420140876765i,0.837271942838698+0.0960820266051583i,5.53062962065283,0,1,
247,1,544274719,544274719,133042,0.994398887353501,0.988748997271048,-0.13,-99.9989051226079,-2590.7630536016+1685.19581875948i,0.33828517889857+0.0184263961518906i,0.838803078373097+0.0864425655069861i,5.38922012687121,0,1,
248,1,546474719,546474719,133042,0.995231232950857,0.982075616529706,0.21,-119.264298419322,-2394.91423460173-1973.53088455949i,0.339123070604244+0.0345256550757721i,0.840068721788764+0.0891637530428042i,5.41700478567269,0,1,
249,1,548684947,548684947,133042,0.995061528592277,0.921627763164423,-0.48,-179.736729191704,-2915.23592745038-1114.09791030677i,0.337383029945986+0.0249927424374456i,0.833991599663245+0.118048862840684i,5.40999311392587,0,1,
250,1,550898772,550898772,133042,0.993278362645964,0.981314021075207,0.2,-164.217961023502,513.437254393664-3049.90822744077i,0.33768491908982+0.0106002024309523i,0.836486649959092+0.0822001820569696i,5.35496110168436,0,1,
251,1,553109388,553109388,133042,0.994758571132133,0.917393841313279,0.49,-87.2447840965034,269.121798074724+3107.49941122759i,0.338239709992713+0.0219630784815342i,0.842288315492894+0.00996504527835588i,5.29856011981916,0,1,
252,1,555320803,555320803,133042,0.995413928359249,0.99514748698436,0,-174.505979111268,-2935.78207248096+965.985238408752i,0.340157576264397+0.00324902374695646i,0.842391316879873+0.0500108316937406i,5.51091416644035,0,1,
253,1,557537517,557537517,133042,0.995204646283311,0.963747204213698,0.32,-218.259521716403,2521.81858525108-1824.0819763372i,0.337289322056596+0.0414169994570791i,0.831490255050671+0.142284458126019i,5.43605333983289,0,1,
254,1,559745044,559745044,133042,0.99508010004559,0.951155632813287,0.37,-198.13797175469,2767.297720528-1430.36502321576i,0.339114804373819+0.0220822058692074i,0.836393233859028+0.109400742327342i,5.38317767053429,0,1,
255,1,561956754,561956754,133042,0.994548809930256,0.979153306045097,0.22,-134.11192078871,2969.94054790855-902.046854358837i,0.337882815539657+0.0404927531423657i,0.837666418332228+0.111618955856976i,5.28259842435151,0,1,
256,1,564168240,564168240,133042,0.995388543050831,0.981734956881669,0.21,-128.67801114262,1621.79073715067+2645.94937068997i,0.338825811725771+0.0284854893289337i,0.835306446528843+0.129600373961691i,5.43384399938024,0,1,
257,1,566388753,566388753,133042,0.994768375731395,0.984264073128745,-0.19,-104.287078769999,3056.71904597966+499.980913308499i,0.337263492220088+0.021119252689152i,0.838005586316973+0.0824444346087098i,5.37438028957872,0,1,
258,1,568592735,568592735,133042,0.995360780537211,0.995591323342095,0,-198.084426352841,2803.05377153215+1303.17625753008i,0.339467039382141+0.0263800717208107i,0.83514206847909+0.123851407636332i,5.49352429723254,0,1,
259,1,570803228,570803228,133042,0.995181149876371,0.950689143639589,0.37,-163.766484163371,-199.235874292362+3110.6284970213i,0.338646240798637+0.0212359678043044i,0.837845871536267+0.0842839581873195i,5.37827633041319,0,1,
260,1,573016528,573016528,133042,0.995199367364137,0.960183584294085,-0.34,-100.965023050646,2554.68677283143-1772.59706957762i,0.337951730381358+0.018041968338158i,0.840574777968883+0.0241388817041516i,5.31970908074693,0,1,
261,1,575228096,575228096,133042,0.995048733816654,0.934817971903314,-0.43,-190.055993202477,2866.91602462734-1228.14992890246i,0.337321971114383+0.0307300171948745i,0.832119765478172+0.130631966526866i,5.35949187711378,0,1,
262,1,577440349,577440349,133042,0.995289100572459,0.981901836811821,-0.21,-98.9258150494921,-1212.46569398268+2855.98425852135i,0.339631317225447-0.00764025206817263i,0.840569492674835+0.071479069512757i,5.32438313253088,0,1,
263,1,579655675,579655675,133042,0.994631230366142,0.921227240259229,-0.48,-187.256226950804,-1785.62049020221+2560.56998250059i,0.338903361471615+0.00935681898445469i,0.835834234348037+0.10433031146339i,5.47162084979999,0,1,
264,1,581863882,581863882,133042,0.994460141867145,0.925679363835445,-0.46,-157.537601950667,453.433084261491-3086.063998231i,0.337966118953244+0.0275411933575114i,0.839335487001662+0.0828059298952255i,5.3754865856888,0,1,
265,1,584075716,584075716,133042,0.994864526349915,0.934279982711631,-0.43,-203.915975383431,2850.44284598611+1268.95808818251i,0.337566036710824+0.0320514064918198i,0.827320834659121+0.157636842875745i,5.37663912213764,0,1,
266,1,586287260,586287260,133042,0.995101674161706,0.974778728649833,0.25,-407.077195592801,-2854.12204575197+1227.71093328382i,0.33275971771445+0.0674597707930839i,0.822261480296918+0.190694812402079i,5.58365110414732,0,1,
267,1,588507826,588507826,133042,0.995283292279634,0.943323398569952,-0.4,-222.119184705513,-2887.78064054809-1176.94327103243i,0.337924492883826+0.0219353966582582i,0.832427489084456+0.132515561489653i,5.49675124964717,0,1,
268,1,590710284,590710284,133042,0.995872592430595,0.995879032304991,0,-31.4840459445031,2696.05574697577+1514.96066778929i,0.340035797611969-0.00948258829005995i,0.844439945951124-0.0116280591675302i,5.37887891896141,0,1,
269,1,592923814,592923814,133042,0.995025303653753,0.942842103980068,-0.4,-209.025461609103,-3038.81179531714+710.57489046573i,0.33606699467331+0.0388231413128438i,0.828760599499788+0.146422771252601i,5.51344604084388,0,1,
270,1,595135222,595135222,133042,0.994690256553389,0.926403117720792,0.46,-203.234398724389,56.8144748008522-3119.86116258262i,0.33847810273678+0.0231812496162904i,0.837681681269113+0.0858915847922085i,5.52270252841663,0,1,
271,1,597347187,597347187,133042,0.995281601582707,0.922305011697759,-0.48,-93.0311299533322,1140.89431491457+2906.8417880426i,0.339165509598745+0.00363958246279999i,0.839022589121005+0.0651462801215279i,5.45106552458879,0,1,
272,1,599557756,599557756,133042,0.995130311287284,0.935420559196995,0.43,-136.426755378743,-1206.24304557607+2878.26585151401i,0.338052375792357+0.0199566784830658i,0.837356287074627+0.0914877442821815i,5.43849548156014,0,1,
273,1,601777005,601777005,133042,0.995583873903737,0.973049968096988,-0.27,-222.155941607372,3078.77736968125+433.602089375057i,0.33878570682976+0.0184624727162618i,0.832832275652584+0.127984854119438i,5.50319801277249,0,1,
274,1,603982606,603982606,133042,0.995468780406794,0.980062753756658,0.22,-295.580391260404,318.420348164202+3086.36589259491i,0.337200805905848+0.0487970501906194i,0.830048924550097+0.157203911815534i,5.4869577578797,0,1,
275,1,606194033,606194033,133042,0.995211568214052,0.988668468496763,-0.15,-273.777804460759,-1233.82864920535+2838.11222389673i,0.33872278315013+0.0109727585339998i,0.828885028161209+0.151049959333702i,5.52510400044862,0,1,
276,1,608406363,608406363,133042,0.995385695643408,0.991217202684272,0.12,-121.385525099666,-2492.23229562498-1833.38993990983i,0.339973512730224+0.0114180002617793i,0.841640388477787+0.0649977967478046i,5.50128422567259,0,1,
277,1,610626491,610626491,133042,0.995263660298563,0.947295930507568,0.39,-216.182077792632,2239.81434595429-2166.12965424377i,0.338195373346944+0.023374234302467i,0.835654724769214+0.10687678593533i,5.58170544548079,0,1,
278,1,612828891,612828891,133042,0.995257735430473,0.994254399741004,0.0499999999999999,-211.647994995102,-523.180558450811+3042.80850213817i,0.339940415173366+0.0128486492028837i,0.835959036943137+0.118331982144198i,5.43299094393324,0,1,
279,1,615040577,615040577,133042,0.995489697738191,0.991473253324041,0.11,-181.574745553985,-2128.15471252553-2244.28831528247i,0.339946253810945+0.0160561583631231i,0.840681293935339+0.0754355853815551i,5.48571027838311,0,1,
280,1,617254053,617254053,133042,0.995097598215494,0.922028456497825,0.48,-106.040960537237,-26.8253024075084-3117.88298357263i,0.336968175227475+0.0406987679701322i,0.838608605440856+0.0853974672855593i,5.45514200353315,0,1,
281,1,619465817,619465817,133042,0.994262084562113,0.929638123763157,-0.45,-163.894474883856,2894.08962325648+1161.54634186246i,0.338855304313392+0.0141819280589375i,0.839132665782091+0.0601873187952265i,5.40911195107826,0,1,
282,1,621676717,621676717,133042,0.994759716262226,0.96650098739428,0.3,-254.814819377888,-3068.28455869511-508.913685799662i,0.339284696185366+0.0250267755188444i,0.830569455483797+0.147723767313104i,5.47766434262423,0,1,
283,1,623895458,623895458,133042,0.994801148130978,0.994134819754658,0.0499999999999999,-205.492652588512,-2564.90868244178+1720.95695053101i,0.337650138752379+0.0315691914798951i,0.837911884600609+0.0840565763477103i,5.4531875368584,0,1,
284,1,626100509,626100509,133042,0.994871318773352,0.939629177851056,0.42,-288.43769790389,-2201.38728056801+2207.42248823554i,0.337425303236658+0.0454414484826705i,0.826819055110416+0.163183161904372i,5.48277031238191,0,1,
285,1,628311416,628311416,133042,0.995092122969327,0.994913918586165,0,-262.358487194459,-61.1232454932793-3085.4298194751i,0.338503778512551+0.0401020622735954i,0.830830456789212+0.159057437735722i,5.54642809653563,0,1,
286,1,630524674,630524674,133042,0.995246726886654,0.957463120369995,-0.35,-211.216438969366,2963.35388547712-951.314241131622i,0.338636390848697+0.0167218498207934i,0.833390191563557+0.119144944487187i,5.492342119629,0,1,
287,1,632736325,632736325,133042,0.994453961280113,0.9606771679795,0.33,-152.816385554327,1155.84833105003-2882.47701567664i,0.337891441687699+0.0233409445850741i,0.838290262440484+0.0738733220358611i,5.37531503674112,0,1,
288,1,634947935,634947935,133042,0.994676692557658,0.920931153661989,-0.48,-301.735603208565,50.9315074230158+3114.95519684931i,0.332954693810811+0.0644453778480441i,0.823942404185833+0.177369411409652i,5.47776922136342,0,1,
289,1,637159780,637159780,133042,0.995894379967607,0.994594027732641,0.0599999999999999,-106.858665960101,-1985.46933541356+2364.6937882079i,0.340554797051936+0.0178241614477288i,0.841341938894478+0.077021328491972i,5.32185463441894,0,1,
290,1,639372276,639372276,133042,0.995550222919712,0.984292536890726,-0.19,-69.9240402834908,-1190.86056388392+2859.60540917468i,0.33978325521115+0.00157266666531589i,0.843273420514233+0.0343932238408296i,5.43710018615072,0,1,
291,1,641581623,641581623,133042,0.995427615648549,0.982415900263798,0.21,-163.374059771869,-1852.7794397205-2484.55981045372i,0.339668263617638+0.0289705744951748i,0.83820914830943+0.109901660957962i,5.36987170660165,0,1,
292,1,643795684,643795684,133042,0.994946295831221,0.917308822105588,0.49,-103.431830695119,-3100.8662245677-332.336229991401i,0.339307592671512+0.00453609478122567i,0.838554498268565+0.0787737109866711i,5.38618579026844,0,1,
293,1,646016079,646016079,133042,0.994805286565892,0.938648805188118,-0.42,-100.952821562846,2826.29814761211+1309.90920793514i,0.33946830832509+0.0073380687040167i,0.838070841482101+0.0857854178850727i,5.42249167602322,0,1,
294,1,648219004,648219004,133042,0.995672393967284,0.99545596446696,0,-229.373156975386,3057.96618892899+374.32892383333i,0.338778800699274+0.0360601548861983i,0.833510413513622+0.142812981513618i,5.43261817250777,0,1,
295,1,650430389,650430389,133042,0.995487531327331,0.99322258600112,-0.0799999999999999,-252.850867774009,-1892.09902233212-2441.93902930276i,0.336179858933846+0.0559471123437354i,0.828125948449743+0.162248268636132i,5.48750497559717,0,1,
296,1,652643239,652643240,133042,0.994312509058913,0.916705920740932,-0.5,-159.989071606926,-2501.19165526849-1853.4152952691i,0.334283859735807+0.0504554739974972i,0.833388133661075+0.110531070582406i,5.37674466689956,0,1,
297,1,654855139,654855139,133042,0.993556503741802,0.943776047188666,-0.4,-285.493631092981,3053.09608525645-578.430501060238i,0.335402205827165+0.0477567817508456i,0.830025529082796+0.13641623322135i,5.43618150275908,0,1,
298,1,657065572,657065572,133042,0.995230677543367,0.964222792726229,0.31,-75.9420184941493,3020.55624543774-733.894289795918i,0.3398293835273+0.00118631193411319i,0.843367653821605+0.0151378082904883i,5.38838003574273,0,1,
299,1,659277341,659277341,133042,0.995669619196475,0.993711024378657,-0.0799999999999999,-80.1740715097194,1088.5492225812+2889.78306562435i,0.340016138982405-0.0122925271548023i,0.842216240582673+0.0499507846242235i,5.43879374784362,0,1,
300,1,661490239,661490239,133042,0.994824274625474,0.921033593609335,-0.48,-247.302845041746,-3089.90270105455+408.402085393981i,0.338598146676073+0.0122069390884546i,0.821431560705827+0.181937097772338i,5.29762849690508,0,1,
301,1,663702303,663702303,133042,0.995870877835476,0.995772650657544,0,-121.314745844637,-3063.62005517672+370.73359295808i,0.339402332262964+0.0325397760077074i,0.836103106272584+0.113793309665159i,5.48847968365614,0,1,
302,1,665913162,665913162,133042,0.995276344510153,0.957859865392801,0.34,-189.522685647259,-3054.83487081378-593.815873055573i,0.33905187721428+0.0259625739136702i,0.832144811471229+0.134726426783242i,5.40236335253646,0,1,
303,1,668135506,668135506,133042,0.99527091896873,0.979794885326009,0.22,-77.1181726952241,-2934.08711026398-998.106125543081i,0.340224996309502+0.0128092231933677i,0.844804441796499+0.0276281783116394i,5.41761162473422,0,1,
304,1,670337374,670337375,133042,0.993995837351377,0.93936518556675,-0.42,-198.181163904713,-2907.53617559244+1087.78062412515i,0.338033898209293+0.014175143537029i,0.837278255487915+0.0783308369586611i,5.40688017522331,0,1,
305,1,672549196,672549196,133042,0.995311410797569,0.963876146631703,0.32,-100.10087231928,2471.98062595491-1884.17832378721i,0.339976450907053+0.0147295475989583i,0.841255629722599+0.0706397590021463i,5.42988847070515,0,1,
306,1,674761225,674761225,133042,0.995018797007549,0.939115403516821,0.42,-162.844030459422,-2914.97191595292+1103.39413482113i,0.337858071758165+0.0230276920845296i,0.838991240873909+0.072441591948156i,5.4270592680022,0,1,
307,1,676972900,676972900,133042,0.994947581165833,0.949882302694438,-0.38,-297.894436326291,3112.49596126679+119.518740109022i,0.337388858672522+0.0303573783215861i,0.823830219276607+0.173049073481054i,5.3947795132092,0,1,
308,1,679185030,679185030,133042,0.994718335185311,0.965984210826733,-0.3,12.7390867165841,2402.87963696971+1965.78286962127i,0.338890528539389-0.0120717020431705i,0.839405398110097+0.0726345053178457i,5.32999297341638,0,1,
309,1,681395989,681395989,133042,0.995192685461766,0.967614140163806,0.3,-199.524861415001,-477.073121311171-3074.02002071655i,0.336805106277797+0.0474829916193119i,0.836842232944433+0.109214703446018i,5.46289068018791,0,1,
310,1,683608160,683608160,133042,0.995693364075897,0.99047660738345,0.13,-211.860461329969,-303.715862461032+3078.06573529263i,0.33650184425962+0.0540996651187551i,0.826244943182737+0.178475586469074i,5.38414623385319,0,1,
311,1,685820538,685820538,133042,0.994855516083704,0.942444808536913,-0.41,-272.820383231987,2488.16729347322-1876.26010752183i,0.334455739555991+0.0570815530059763i,0.831080363266595+0.136674098990081i,5.50175502054186,0,1,
312,1,688031503,688031504,133042,0.994714388006958,0.917598721452161,-0.5,-98.1447403187281,-2984.57824626457+891.341436847718i,0.337747774835269+0.0238412357876933i,0.839407508136388+0.0526615559966697i,5.42317492083013,0,1,
313,1,690254284,690254285,133042,0.994151630157306,0.935441313337758,-0.43,-256.859151498556,-1544.41329118073+2702.35997021443i,0.335127568701581+0.0445180047002979i,0.823569326627552+0.167928694101287i,5.42257878706666,0,1,
314,1,692455797,692455797,133042,0.995400304124542,0.939683433726547,0.42,-182.737343468507,868.326648126348+2991.88552325381i,0.33857385882823+0.021979727991953i,0.836812651269958+0.0987716988460395i,5.31854806415704,0,1,
315,1,694667372,694667372,133042,0.99467176552147,0.950024327075842,-0.37,-92.21523476314,1653.40852916125+2636.16516525061i,0.339513189691313+0.00215730368573653i,0.841774639938613+0.0321759740678986i,5.40387785136937,0,1,
316,1,696878662,696878662,133042,0.995295362635072,0.992366778378036,-0.0999999999999999,-237.005009984313,1904.94280355329+2435.80503397053i,0.339790601660419+0.0155856702037206i,0.838615274543436+0.0926970289866828i,5.36896947107567,0,1,
317,1,699092262,699092262,133042,0.993943667398728,0.947729518939563,0.38,-191.377825877057,-3067.97177893783-505.532967162542i,0.336011596642455+0.0451126941279893i,0.827638101170325+0.157466528161584i,5.42236334539225,0,1,
318,1,701302892,701302892,133042,0.995029223875417,0.916383587528252,-0.49,-218.265284862239,1398.92608980472-2781.86159322934i,0.338922095426971+0.0145155735604987i,0.832877927157592+0.130548515546793i,5.42075681876741,0,1,
319,1,703514803,703514803,133042,0.995095453267645,0.921202989859791,-0.48,-288.897732214067,3051.97869524087+627.625994513809i,0.338423090311724+0.0206411977777107i,0.820863310003472+0.183131850060484i,5.45455921689673,0,1,
320,1,705727794,705727794,133042,0.995449891230801,0.958192943969303,0.34,-261.867757976114,3104.82807702502+177.344042428895i,0.336701791779577+0.0481182002953713i,0.828576260367835+0.153471513933338i,5.39536538559434,0,1,
321,1,707938524,707938524,133042,0.995206769636762,0.963985418501606,-0.31,-187.134960735292,2093.13391651155-2292.30676630211i,0.33988520752199+0.00354874796596324i,0.832237021159327+0.136024251998886i,5.45009722419536,0,1,
322,1,710150842,710150842,133042,0.99455950127777,0.956802028357706,0.34,-172.847483160527,-1218.71141328743+2853.19065449413i,0.340515448827571+0.00913409633646793i,0.840371212618701+0.0719783092792887i,5.40601550043837,0,1,
323,1,712369535,712369535,133042,0.994917900986773,0.938179901999534,0.42,-154.417590478394,1849.73925426276-2498.65211886111i,0.338149288995563+0.0185904284323927i,0.830537482792009+0.137440611603509i,5.36128058029696,0,1,
324,1,714574103,714574103,133042,0.995587699763515,0.991710825071972,-0.11,-58.0705284291103,-2469.38860941774-1852.45701328262i,0.3402897215917+0.0247494898016012i,0.840711015186704+0.0753573287687068i,5.35755357585803,0,1,
325,1,716786840,716786840,133042,0.995247809404358,0.950787009469549,0.37,-188.482016313171,-1545.58636632567-2697.55750832098i,0.338860498021374+0.0283043304673544i,0.838656053232758+0.0839799751306305i,5.58925122119081,0,1,
326,1,718997853,718997853,133042,0.99491607356599,0.921999220529553,0.48,-150.390373359832,3094.31645972771+331.730919133921i,0.338028094263289+0.0220967258299305i,0.832590707101712+0.134231529120094i,5.43475496527576,0,1,
327,1,721217184,721217184,133042,0.991886607489746,0.92785574807437,0.46,-147.320555719148,-2841.71807698666-1213.57241116826i,0.337445502527638+0.0144746424642581i,0.836483319786337+0.0740390854565479i,5.28617290354374,0,1,
328,1,723420665,723420665,133042,0.99466069272337,0.924147515836658,0.47,-195.395757159427,-1292.54310657584-2823.19166604669i,0.338077529665634+0.0238819695417414i,0.835537245459798+0.0952043872010953i,5.4250042578319,0,1,
329,1,725633019,725633019,133042,0.994530812477395,0.976314803044358,-0.24,-279.534840837036,-1670.35068796855-2605.91958527103i,0.339527966510661+0.0125802283676506i,0.829487333721516+0.148744705038983i,5.48401325657625,0,1,
330,1,727847157,727847157,133042,0.994298925550636,0.923715946821278,0.47,-179.337102383608,-2936.02998487329+1020.26696984678i,0.337519736765297+0.024648158531126i,0.832192869018394+0.121036643349967i,5.48741748392527,0,1,
331,1,730057160,730057160,133042,0.995230128408102,0.982386583818733,0.2,-234.880791724273,-2723.02070181379-1467.12674153401i,0.338149064481675+0.0327116775981415i,0.825961912491353+0.167716746506042i,5.33633103700771,0,1,
332,1,732268037,732268037,133042,0.99219485940831,0.920499333977241,0.49,-100.366228389444,-1982.79648570756+2379.23091979863i,0.337589760325209+0.00226912853756627i,0.834704141676943+0.0930991451570875i,5.37463943336557,0,1,
333,1,734488650,734488650,133042,0.994153687905607,0.977851328022076,0.23,-238.589138671283,1480.06526344255-2716.62608124717i,0.338309372213259+0.0190006433698026i,0.831701439670276+0.125388293645245i,5.38112139922483,0,1,
334,1,736692030,736692030,133042,0.995418199929593,0.983376617722429,0.2,-138.02853504291,-2204.25220160594+2172.0377061496i,0.339181943221599+0.023422614694285i,0.83847739772831+0.0950511861572751i,5.43390496631293,0,1,
