index,time_start_ms,time_end_ms,sfd,sfd_corr,psdu,fcs,recovered
1,3.323714,3.509721,"IEEE 802.15.4z SFD #2",0.8632,14,1,0
2,7.473277,7.658093,"IEEE 802.15.4z SFD #2",0.8546,14,1,1
3,7.744546,7.929362,"IEEE 802.15.4z SFD #2",0.8546,14,1,1
4,8.287080,8.471895,"IEEE 802.15.4z SFD #2",0.8546,14,1,1
5,13.262558,13.444463,"IEEE 802.15.4z SFD #2",0.6036,10,0,0
6,18.349017,18.536050,"IEEE 802.15.4z SFD #2",0.6390,15,0,0
7,23.324539,23.510544,"IEEE 802.15.4z SFD #2",0.8672,14,1,0
8,27.474102,27.658919,"IEEE 802.15.4z SFD #2",0.8296,14,1,1
9,27.745369,27.930185,"IEEE 802.15.4z SFD #2",0.7741,14,0,1
10,28.287904,28.472721,"IEEE 802.15.4z SFD #2",0.8296,14,1,1
11,33.271197,33.456178,"IEEE 802.15.4z SFD #2",0.5411,13,0,0
12,38.251405,38.438439,"IEEE 802.15.4z SFD #2",0.6331,15,0,0
13,42.401997,42.586812,"IEEE 802.15.4z SFD #2",0.8649,14,1,1
14,42.673264,42.858080,"IEEE 802.15.4z SFD #2",0.8649,14,1,1
15,42.944531,43.129348,"IEEE 802.15.4z SFD #2",0.8607,14,1,1
16,43.215799,43.400614,"IEEE 802.15.4z SFD #2",0.8649,14,1,1
17,47.284809,47.469625,"IEEE 802.15.4z SFD #2",0.8488,14,1,1
18,47.556076,47.740892,"IEEE 802.15.4z SFD #2",0.8489,14,1,1
19,47.827344,48.012161,"IEEE 802.15.4z SFD #2",0.8348,14,1,1
20,48.098611,48.283427,"IEEE 802.15.4z SFD #2",0.8488,14,1,1
21,53.239208,53.425212,"IEEE 802.15.4z SFD #2",0.5549,14,0,0
22,58.341291,58.527299,"IEEE 802.15.4z SFD #2",0.6657,14,0,0
23,63.336083,63.522088,"IEEE 802.15.4z SFD #2",0.8560,14,1,0
24,67.214379,67.399194,"IEEE 802.15.4z SFD #2",0.8460,14,1,1
25,67.485645,67.670460,"IEEE 802.15.4z SFD #2",0.8460,14,1,1
26,67.756913,67.941730,"IEEE 802.15.4z SFD #2",0.8418,14,1,1
27,68.028181,68.212996,"IEEE 802.15.4z SFD #2",0.8460,14,1,1
28,68.299447,68.484262,"IEEE 802.15.4z SFD #2",0.8460,14,1,1
29,73.293678,73.505326,"IEEE 802.15.4z SFD #2",0.5504,39,0,0
30,77.197617,77.382433,"IEEE 802.15.4z SFD #2",0.8708,14,1,1
31,77.468883,77.653699,"IEEE 802.15.4z SFD #2",0.8622,14,1,1
32,77.740152,77.924967,"IEEE 802.15.4z SFD #2",0.8708,14,1,1
33,78.011419,78.196235,"IEEE 802.15.4z SFD #2",0.8708,14,1,1
34,78.282685,78.467501,"IEEE 802.15.4z SFD #2",0.8622,14,1,1
35,83.360773,83.546779,"IEEE 802.15.4z SFD #2",0.8567,14,1,0
36,88.313992,88.499999,"IEEE 802.15.4z SFD #2",0.8413,14,1,0
37,93.287211,93.473215,"IEEE 802.15.4z SFD #2",0.5899,14,0,0
38,98.324190,98.510196,"IEEE 802.15.4z SFD #2",0.8454,14,0,0
39,103.237211,103.417063,"IEEE 802.15.4z SFD #2",0.6640,8,0,0
40,107.651888,107.836705,"IEEE 802.15.4z SFD #2",0.8430,14,1,1
41,107.923155,108.107971,"IEEE 802.15.4z SFD #2",0.8389,14,1,1
42,113.267204,113.453208,"IEEE 802.15.4z SFD #2",0.5991,14,0,0
43,118.339079,118.525084,"IEEE 802.15.4z SFD #2",0.8704,14,1,0
44,123.257307,123.443312,"IEEE 802.15.4z SFD #2",0.8370,14,1,0
45,127.406870,127.591687,"IEEE 802.15.4z SFD #2",0.6210,14,0,1
46,127.678137,127.862956,"IEEE 802.15.4z SFD #2",0.6284,14,0,1
47,127.949405,128.134222,"IEEE 802.15.4z SFD #2",0.6207,14,0,1
48,128.220672,128.405489,"IEEE 802.15.4z SFD #2",0.6210,14,0,1
49,132.289681,132.474497,"IEEE 802.15.4z SFD #2",0.8698,14,1,1
50,132.560950,132.745767,"IEEE 802.15.4z SFD #2",0.8559,14,1,1
51,132.832217,133.017033,"IEEE 802.15.4z SFD #2",0.8698,14,1,1
52,133.103483,133.288299,"IEEE 802.15.4z SFD #2",0.8698,14,1,1
53,137.443761,137.628577,"IEEE 802.15.4z SFD #2",0.8647,14,1,1
54,137.715030,137.899845,"IEEE 802.15.4z SFD #2",0.8647,14,1,1
55,137.986297,138.171114,"IEEE 802.15.4z SFD #2",0.8625,14,1,1
56,138.257563,138.442379,"IEEE 802.15.4z SFD #2",0.8647,14,1,1
57,142.326575,142.511391,"IEEE 802.15.4z SFD #2",0.8282,14,1,1
58,143.140377,143.325193,"IEEE 802.15.4z SFD #2",0.8282,14,1,1
59,147.751921,147.936735,"IEEE 802.15.4z SFD #2",0.5745,14,0,1
60,153.346151,153.532159,"IEEE 802.15.4z SFD #2",0.6529,14,0,0
61,157.224449,157.409266,"IEEE 802.15.4z SFD #2",0.8696,14,1,1
62,157.495715,157.680531,"IEEE 802.15.4z SFD #2",0.8722,14,1,1
63,157.766984,157.951800,"IEEE 802.15.4z SFD #2",0.8721,14,1,1
64,158.038251,158.223069,"IEEE 802.15.4z SFD #2",0.8696,14,1,1
65,158.309517,158.494333,"IEEE 802.15.4z SFD #2",0.8722,14,1,1
66,163.356873,163.542878,"IEEE 802.15.4z SFD #2",0.8444,14,1,0
67,167.235167,167.419983,"IEEE 802.15.4z SFD #2",0.8249,14,0,1
68,167.506434,167.691250,"IEEE 802.15.4z SFD #2",0.8128,14,0,1
69,167.777703,167.962522,"IEEE 802.15.4z SFD #2",0.6321,14,0,1
70,168.048969,168.233785,"IEEE 802.15.4z SFD #2",0.8249,14,0,1
71,168.320237,168.505052,"IEEE 802.15.4z SFD #2",0.8128,14,0,1
72,172.389247,172.574063,"IEEE 802.15.4z SFD #2",0.8707,14,1,1
73,172.660516,172.845333,"IEEE 802.15.4z SFD #2",0.8607,14,1,1
74,172.931783,173.116599,"IEEE 802.15.4z SFD #2",0.8683,14,1,1
75,173.203049,173.387865,"IEEE 802.15.4z SFD #2",0.8707,14,1,1
76,177.272061,177.456877,"IEEE 802.15.4z SFD #2",0.8703,14,1,1
77,177.543328,177.728144,"IEEE 802.15.4z SFD #2",0.8703,14,1,1
78,177.814594,177.999410,"IEEE 802.15.4z SFD #2",0.8703,14,1,1
79,178.085863,178.270679,"IEEE 802.15.4z SFD #2",0.8703,14,1,1
80,178.357129,178.541945,"IEEE 802.15.4z SFD #2",0.8703,14,1,1
81,182.426139,182.610955,"IEEE 802.15.4z SFD #2",0.8468,14,1,1
82,182.697408,182.882224,"IEEE 802.15.4z SFD #2",0.8469,14,1,1
83,182.968675,183.153493,"IEEE 802.15.4z SFD #2",0.8351,14,1,1
84,183.239941,183.424757,"IEEE 802.15.4z SFD #2",0.8468,14,1,1
85,187.308953,187.493769,"IEEE 802.15.4z SFD #2",0.8385,14,1,1
86,187.851487,188.036301,"IEEE 802.15.4z SFD #2",0.5970,14,0,1
87,188.122755,188.307571,"IEEE 802.15.4z SFD #2",0.8385,14,1,1
88,192.191766,192.376581,"IEEE 802.15.4z SFD #2",0.8685,14,1,1
89,192.463033,192.647850,"IEEE 802.15.4z SFD #2",0.8578,14,1,1
90,193.005568,193.190384,"IEEE 802.15.4z SFD #2",0.8685,14,1,1
91,193.276835,193.461652,"IEEE 802.15.4z SFD #2",0.8578,14,1,1
92,197.345846,197.530661,"IEEE 802.15.4z SFD #2",0.8478,14,1,1
93,197.617113,197.801929,"IEEE 802.15.4z SFD #2",0.8478,14,1,1
94,197.888380,198.073196,"IEEE 802.15.4z SFD #2",0.8478,14,1,1
95,198.159648,198.344463,"IEEE 802.15.4z SFD #2",0.8478,14,1,1
96,202.228657,202.413472,"IEEE 802.15.4z SFD #2",0.8499,14,1,1
97,202.499925,202.684741,"IEEE 802.15.4z SFD #2",0.8499,14,1,1
98,202.771193,202.956010,"IEEE 802.15.4z SFD #2",0.8411,14,1,1
99,203.042459,203.227275,"IEEE 802.15.4z SFD #2",0.8499,14,1,1
100,203.313727,203.498543,"IEEE 802.15.4z SFD #2",0.8499,14,1,1
101,207.654004,207.838820,"IEEE 802.15.4z SFD #2",0.8474,14,1,1
102,212.265550,212.450368,"IEEE 802.15.4z SFD #2",0.8206,14,0,1
103,212.536816,212.721632,"IEEE 802.15.4z SFD #2",0.8432,14,0,1
104,212.808084,212.992900,"IEEE 802.15.4z SFD #2",0.8414,14,0,1
105,213.079352,213.264170,"IEEE 802.15.4z SFD #2",0.8206,14,0,1
106,213.350620,213.535436,"IEEE 802.15.4z SFD #2",0.8432,14,0,1
107,217.419629,217.604445,"IEEE 802.15.4z SFD #2",0.8611,14,1,1
108,217.690896,217.875712,"IEEE 802.15.4z SFD #2",0.8611,14,1,1
109,217.962164,218.146979,"IEEE 802.15.4z SFD #2",0.8611,14,1,1
110,218.233431,218.418247,"IEEE 802.15.4z SFD #2",0.8611,14,1,1
111,222.302441,222.487257,"IEEE 802.15.4z SFD #2",0.8521,14,1,1
112,222.573710,222.758527,"IEEE 802.15.4z SFD #2",0.8376,14,1,1
113,222.844976,223.029792,"IEEE 802.15.4z SFD #2",0.8532,14,1,1
114,223.116243,223.301059,"IEEE 802.15.4z SFD #2",0.8521,14,1,1
115,227.456523,227.641338,"IEEE 802.15.4z SFD #2",0.8495,14,1,1
116,227.727790,227.912606,"IEEE 802.15.4z SFD #2",0.8475,14,1,1
117,227.999057,228.183873,"IEEE 802.15.4z SFD #2",0.8495,14,1,1
118,228.270325,228.455141,"IEEE 802.15.4z SFD #2",0.8495,14,1,1
119,233.321327,233.507334,"IEEE 802.15.4z SFD #2",0.8572,14,1,0
120,237.199623,237.384439,"IEEE 802.15.4z SFD #2",0.8372,14,1,1
121,237.470892,237.655707,"IEEE 802.15.4z SFD #2",0.8372,14,1,1
122,237.742159,237.926976,"IEEE 802.15.4z SFD #2",0.8003,14,0,1
123,238.013425,238.198241,"IEEE 802.15.4z SFD #2",0.8372,14,1,1
124,238.284694,238.469510,"IEEE 802.15.4z SFD #2",0.8372,14,1,1
125,243.249755,243.435758,"IEEE 802.15.4z SFD #2",0.6121,14,0,0
126,247.670584,247.855400,"IEEE 802.15.4z SFD #2",0.8632,14,1,1
127,252.282128,252.466943,"IEEE 802.15.4z SFD #2",0.8681,14,1,1
128,252.553395,252.738211,"IEEE 802.15.4z SFD #2",0.8682,14,1,1
129,252.824664,253.009481,"IEEE 802.15.4z SFD #2",0.8652,14,1,1
130,253.095930,253.280745,"IEEE 802.15.4z SFD #2",0.8681,14,1,1
131,257.436209,257.621025,"IEEE 802.15.4z SFD #2",0.8442,14,1,1
132,257.707476,257.892293,"IEEE 802.15.4z SFD #2",0.8298,14,1,1
133,257.978742,258.163558,"IEEE 802.15.4z SFD #2",0.8442,14,1,1
134,258.250011,258.434827,"IEEE 802.15.4z SFD #2",0.8442,14,1,1
135,262.319021,262.503840,"IEEE 802.15.4z SFD #2",0.6043,14,0,1
136,263.132823,263.317642,"IEEE 802.15.4z SFD #2",0.6043,14,0,1
137,267.201834,267.386651,"IEEE 802.15.4z SFD #2",0.8535,14,1,1
138,267.473100,267.657916,"IEEE 802.15.4z SFD #2",0.8703,14,1,1
139,267.744367,267.929183,"IEEE 802.15.4z SFD #2",0.8411,14,0,1
140,268.015636,268.200453,"IEEE 802.15.4z SFD #2",0.8535,14,1,1
141,268.286902,268.471718,"IEEE 802.15.4z SFD #2",0.8703,14,1,1
142,272.355912,272.540728,"IEEE 802.15.4z SFD #2",0.8679,14,1,1
143,272.627181,272.811998,"IEEE 802.15.4z SFD #2",0.8656,14,1,1
144,272.898448,273.083264,"IEEE 802.15.4z SFD #2",0.8679,14,1,1
145,273.169714,273.354530,"IEEE 802.15.4z SFD #2",0.8679,14,1,1
146,277.238725,277.423541,"IEEE 802.15.4z SFD #2",0.8552,14,1,1
147,277.509993,277.694811,"IEEE 802.15.4z SFD #2",0.8418,14,1,1
148,278.052527,278.237343,"IEEE 802.15.4z SFD #2",0.8552,14,1,1
149,278.323796,278.508613,"IEEE 802.15.4z SFD #2",0.8418,14,1,1
150,282.392806,282.576571,"IEEE 802.15.4z SFD #2",0.6749,13,0,1
151,283.206608,283.390373,"IEEE 802.15.4z SFD #2",0.6749,13,0,1
152,287.275618,287.460434,"IEEE 802.15.4z SFD #2",0.8684,14,1,1
153,287.818153,288.002970,"IEEE 802.15.4z SFD #2",0.8511,14,1,1
154,288.089421,288.274236,"IEEE 802.15.4z SFD #2",0.8684,14,1,1
155,292.429698,292.614516,"IEEE 802.15.4z SFD #2",0.8694,14,1,1
156,292.700966,292.885782,"IEEE 802.15.4z SFD #2",0.8720,14,1,1
157,292.972233,293.157049,"IEEE 802.15.4z SFD #2",0.8720,14,1,1
158,293.243500,293.428318,"IEEE 802.15.4z SFD #2",0.8694,14,1,1
159,297.312511,297.497328,"IEEE 802.15.4z SFD #2",0.8383,14,1,1
160,297.583777,297.768593,"IEEE 802.15.4z SFD #2",0.8484,14,1,1
161,297.855046,298.039861,"IEEE 802.15.4z SFD #2",0.8484,14,1,1
162,298.126313,298.311130,"IEEE 802.15.4z SFD #2",0.8383,14,1,1
163,302.195322,302.380138,"IEEE 802.15.4z SFD #2",0.8243,14,1,1
164,302.466589,302.651405,"IEEE 802.15.4z SFD #2",0.7843,14,0,1
165,302.737858,302.922675,"IEEE 802.15.4z SFD #2",0.7701,14,0,1
166,303.009124,303.193940,"IEEE 802.15.4z SFD #2",0.8243,14,1,1
167,303.280391,303.465207,"IEEE 802.15.4z SFD #2",0.7843,14,0,1
168,307.620671,307.805488,"IEEE 802.15.4z SFD #2",0.8517,14,1,1
169,307.891937,308.076752,"IEEE 802.15.4z SFD #2",0.8588,14,1,1
170,312.232214,312.417030,"IEEE 802.15.4z SFD #2",0.8636,14,1,1
171,312.503483,312.688299,"IEEE 802.15.4z SFD #2",0.8635,14,1,1
172,312.774750,312.959566,"IEEE 802.15.4z SFD #2",0.8635,14,1,1
173,313.046016,313.230832,"IEEE 802.15.4z SFD #2",0.8636,14,1,1
174,313.317285,313.502101,"IEEE 802.15.4z SFD #2",0.8635,14,1,1
175,317.386294,317.571109,"IEEE 802.15.4z SFD #2",0.6163,14,0,1
176,317.657563,317.842379,"IEEE 802.15.4z SFD #2",0.8434,14,1,1
177,317.928830,318.113647,"IEEE 802.15.4z SFD #2",0.8342,14,1,1
178,318.200096,318.384911,"IEEE 802.15.4z SFD #2",0.6163,14,0,1
179,322.540375,322.725193,"IEEE 802.15.4z SFD #2",0.8169,14,0,1
180,322.811641,322.996457,"IEEE 802.15.4z SFD #2",0.8400,14,1,1
181,323.354178,323.538995,"IEEE 802.15.4z SFD #2",0.8169,14,0,1
182,328.298886,328.478738,"IEEE 802.15.4z SFD #2",0.7387,8,0,0
183,332.442295,332.627110,"IEEE 802.15.4z SFD #2",0.8475,14,1,1
184,332.984831,333.169647,"IEEE 802.15.4z SFD #2",0.8475,14,1,1
185,333.256097,333.440913,"IEEE 802.15.4z SFD #2",0.8475,14,1,1
186,337.325109,337.509926,"IEEE 802.15.4z SFD #2",0.7944,14,0,1
187,337.596376,337.781192,"IEEE 802.15.4z SFD #2",0.8255,14,1,1
188,338.138911,338.323728,"IEEE 802.15.4z SFD #2",0.7944,14,0,1
189,343.271067,343.456048,"IEEE 802.15.4z SFD #2",0.6141,13,0,0
190,347.419606,347.604422,"IEEE 802.15.4z SFD #2",0.8638,14,1,1
191,347.690873,347.875689,"IEEE 802.15.4z SFD #2",0.8677,14,1,1
192,347.962141,348.146956,"IEEE 802.15.4z SFD #2",0.8250,14,0,1
193,348.233408,348.418224,"IEEE 802.15.4z SFD #2",0.8638,14,1,1
194,352.302417,352.487233,"IEEE 802.15.4z SFD #2",0.8508,14,1,1
195,352.573686,352.758502,"IEEE 802.15.4z SFD #2",0.8507,14,1,1
196,352.844953,353.029769,"IEEE 802.15.4z SFD #2",0.8447,14,1,1
197,353.116219,353.301035,"IEEE 802.15.4z SFD #2",0.8508,14,1,1
198,357.456498,357.641315,"IEEE 802.15.4z SFD #2",0.8316,14,1,1
199,358.270300,358.455117,"IEEE 802.15.4z SFD #2",0.8316,14,1,1
200,362.339309,362.524125,"IEEE 802.15.4z SFD #2",0.8420,14,1,1
201,362.610577,362.795393,"IEEE 802.15.4z SFD #2",0.8420,14,1,1
202,362.881845,363.066661,"IEEE 802.15.4z SFD #2",0.8408,14,1,1
203,363.153111,363.337927,"IEEE 802.15.4z SFD #2",0.8420,14,1,1
204,368.290119,368.476124,"IEEE 802.15.4z SFD #2",0.8631,14,1,0
205,373.272933,373.452786,"IEEE 802.15.4z SFD #2",0.6724,8,0,0
206,377.416344,377.601161,"IEEE 802.15.4z SFD #2",0.6230,14,0,1
207,378.230145,378.414963,"IEEE 802.15.4z SFD #2",0.6230,14,0,1
208,382.299156,382.483972,"IEEE 802.15.4z SFD #2",0.8471,14,0,1
209,382.570424,382.755241,"IEEE 802.15.4z SFD #2",0.8541,14,1,1
210,382.841690,383.026506,"IEEE 802.15.4z SFD #2",0.8655,14,1,1
211,383.112958,383.297774,"IEEE 802.15.4z SFD #2",0.8471,14,0,1
212,387.453235,387.638051,"IEEE 802.15.4z SFD #2",0.8610,14,1,1
213,387.724504,387.909319,"IEEE 802.15.4z SFD #2",0.8610,14,1,1
214,387.995771,388.180588,"IEEE 802.15.4z SFD #2",0.8590,14,1,1
215,388.267037,388.451853,"IEEE 802.15.4z SFD #2",0.8610,14,1,1
216,392.336047,392.520862,"IEEE 802.15.4z SFD #2",0.6324,14,0,1
217,392.607316,392.792132,"IEEE 802.15.4z SFD #2",0.8451,14,1,1
218,392.878583,393.063401,"IEEE 802.15.4z SFD #2",0.8350,14,1,1
219,393.149849,393.334664,"IEEE 802.15.4z SFD #2",0.6324,14,0,1
220,397.218861,397.397375,"IEEE 802.15.4z SFD #2",0.5955,8,0,1
221,398.032663,398.211178,"IEEE 802.15.4z SFD #2",0.5955,8,0,1
222,402.372941,402.557758,"IEEE 802.15.4z SFD #2",0.8600,14,1,1
223,402.644207,402.829023,"IEEE 802.15.4z SFD #2",0.8713,14,1,1
224,403.186743,403.371560,"IEEE 802.15.4z SFD #2",0.8600,14,1,1
225,407.255754,407.440569,"IEEE 802.15.4z SFD #2",0.8697,14,1,1
226,407.527021,407.711837,"IEEE 802.15.4z SFD #2",0.8697,14,1,1
227,407.798288,407.983105,"IEEE 802.15.4z SFD #2",0.8672,14,1,1
228,408.069556,408.254371,"IEEE 802.15.4z SFD #2",0.8697,14,1,1
229,408.340822,408.525637,"IEEE 802.15.4z SFD #2",0.8697,14,1,1
230,412.409833,412.594649,"IEEE 802.15.4z SFD #2",0.8453,14,1,1
231,412.681101,412.865917,"IEEE 802.15.4z SFD #2",0.7647,14,0,1
232,413.223636,413.408451,"IEEE 802.15.4z SFD #2",0.8453,14,1,1
233,417.835181,418.019998,"IEEE 802.15.4z SFD #2",0.5997,14,0,1
234,422.446724,422.631540,"IEEE 802.15.4z SFD #2",0.8677,14,1,1
235,422.717992,422.902808,"IEEE 802.15.4z SFD #2",0.8674,14,1,1
236,422.989261,423.174078,"IEEE 802.15.4z SFD #2",0.8560,14,1,1
237,423.260527,423.445342,"IEEE 802.15.4z SFD #2",0.8677,14,1,1
238,427.329537,427.514353,"IEEE 802.15.4z SFD #2",0.8700,14,1,1
239,427.600806,427.785621,"IEEE 802.15.4z SFD #2",0.8700,14,1,1
240,427.872073,428.056889,"IEEE 802.15.4z SFD #2",0.8700,14,1,1
241,428.143339,428.328155,"IEEE 802.15.4z SFD #2",0.8700,14,1,1
242,432.212351,432.397167,"IEEE 802.15.4z SFD #2",0.8506,14,1,1
243,432.483618,432.668435,"IEEE 802.15.4z SFD #2",0.8431,14,1,1
244,433.026153,433.210969,"IEEE 802.15.4z SFD #2",0.8506,14,1,1
245,433.297420,433.482237,"IEEE 802.15.4z SFD #2",0.8431,14,1,1
246,437.366429,437.551245,"IEEE 802.15.4z SFD #2",0.7630,14,0,1
247,437.637697,437.822511,"IEEE 802.15.4z SFD #2",0.5645,14,0,1
248,438.180231,438.365047,"IEEE 802.15.4z SFD #2",0.7630,14,0,1
249,442.249242,442.434058,"IEEE 802.15.4z SFD #2",0.8683,14,1,1
250,442.520509,442.705328,"IEEE 802.15.4z SFD #2",0.6786,14,0,1
251,442.791778,442.976595,"IEEE 802.15.4z SFD #2",0.8595,14,1,1
252,443.063044,443.247860,"IEEE 802.15.4z SFD #2",0.8683,14,1,1
253,443.334311,443.519130,"IEEE 802.15.4z SFD #2",0.6786,14,0,1
254,447.403323,447.588139,"IEEE 802.15.4z SFD #2",0.8558,14,1,1
255,447.674590,447.859406,"IEEE 802.15.4z SFD #2",0.8558,14,1,1
256,447.945856,448.130672,"IEEE 802.15.4z SFD #2",0.8558,14,1,1
257,448.217125,448.401941,"IEEE 802.15.4z SFD #2",0.8558,14,1,1
258,452.286136,452.468852,"IEEE 802.15.4z SFD #2",0.6748,12,0,1
259,452.557402,452.742217,"IEEE 802.15.4z SFD #2",0.8437,14,1,1
260,452.828669,453.013485,"IEEE 802.15.4z SFD #2",0.8437,14,1,1
261,453.099938,453.282654,"IEEE 802.15.4z SFD #2",0.6748,12,0,1
262,458.235390,458.415243,"IEEE 802.15.4z SFD #2",0.5322,8,0,0
263,463.225016,463.411023,"IEEE 802.15.4z SFD #2",0.8150,14,0,0
264,467.374580,467.559395,"IEEE 802.15.4z SFD #2",0.8583,14,1,1
265,467.645848,467.830664,"IEEE 802.15.4z SFD #2",0.8583,14,1,1
266,467.917116,468.101933,"IEEE 802.15.4z SFD #2",0.8488,14,1,1
267,468.188382,468.373197,"IEEE 802.15.4z SFD #2",0.8583,14,1,1
268,473.228098,473.414105,"IEEE 802.15.4z SFD #2",0.8415,14,1,0
269,478.258827,478.499193,"IEEE 802.15.4z SFD #2",0.6220,61,0,0
270,482.191482,482.376298,"IEEE 802.15.4z SFD #2",0.8668,14,1,1
271,482.462750,482.647565,"IEEE 802.15.4z SFD #2",0.8668,14,1,1
272,482.734018,482.918835,"IEEE 802.15.4z SFD #2",0.8543,14,1,1
273,483.005284,483.190100,"IEEE 802.15.4z SFD #2",0.8668,14,1,1
274,483.276552,483.461367,"IEEE 802.15.4z SFD #2",0.8668,14,1,1
275,488.358088,488.544093,"IEEE 802.15.4z SFD #2",0.8409,14,1,0
276,493.229225,493.415229,"IEEE 802.15.4z SFD #2",0.6119,14,0,0
277,497.378786,497.563601,"IEEE 802.15.4z SFD #2",0.8544,14,1,1
278,497.650054,497.834871,"IEEE 802.15.4z SFD #2",0.8503,14,1,1
279,498.192588,498.377403,"IEEE 802.15.4z SFD #2",0.8544,14,1,1
280,502.261598,502.446414,"IEEE 802.15.4z SFD #2",0.8666,14,1,1
281,502.532867,502.717683,"IEEE 802.15.4z SFD #2",0.8510,14,1,1
282,502.804133,502.988949,"IEEE 802.15.4z SFD #2",0.8666,14,1,1
283,503.075400,503.260216,"IEEE 802.15.4z SFD #2",0.8666,14,1,1
284,503.346669,503.531485,"IEEE 802.15.4z SFD #2",0.8510,14,1,1
285,507.415678,507.600494,"IEEE 802.15.4z SFD #2",0.8123,14,1,1
286,507.958214,508.143031,"IEEE 802.15.4z SFD #2",0.8316,14,1,1
287,508.229480,508.414296,"IEEE 802.15.4z SFD #2",0.8123,14,1,1
288,517.723838,517.908653,"IEEE 802.15.4z SFD #2",0.8672,14,1,1
289,517.995106,518.179922,"IEEE 802.15.4z SFD #2",0.8672,14,1,1
290,523.323280,523.509285,"IEEE 802.15.4z SFD #2",0.8665,14,1,0
291,527.201575,527.386391,"IEEE 802.15.4z SFD #2",0.8543,14,1,1
292,527.472843,527.657659,"IEEE 802.15.4z SFD #2",0.8543,14,1,1
293,527.744111,527.928928,"IEEE 802.15.4z SFD #2",0.8522,14,1,1
294,528.015377,528.200193,"IEEE 802.15.4z SFD #2",0.8543,14,1,1
295,528.286646,528.471461,"IEEE 802.15.4z SFD #2",0.8543,14,1,1
296,533.229833,533.415841,"IEEE 802.15.4z SFD #2",0.7606,14,0,0
297,537.379399,537.564214,"IEEE 802.15.4z SFD #2",0.8696,14,1,1
298,537.650666,537.835483,"IEEE 802.15.4z SFD #2",0.8607,14,1,1
299,537.921932,538.106746,"IEEE 802.15.4z SFD #2",0.6484,14,0,1
300,538.193201,538.378016,"IEEE 802.15.4z SFD #2",0.8696,14,1,1
301,542.262211,542.447027,"IEEE 802.15.4z SFD #2",0.8638,14,1,1
302,542.533478,542.718296,"IEEE 802.15.4z SFD #2",0.8476,14,1,1
303,542.804744,542.989560,"IEEE 802.15.4z SFD #2",0.8637,14,1,1
304,543.076013,543.260829,"IEEE 802.15.4z SFD #2",0.8638,14,1,1
305,543.347281,543.532098,"IEEE 802.15.4z SFD #2",0.8476,14,1,1
306,548.259521,548.445527,"IEEE 802.15.4z SFD #2",0.8450,14,1,0
307,552.409085,552.581295,"IEEE 802.15.4z SFD #2",0.6626,2,0,1
308,552.680352,552.865168,"IEEE 802.15.4z SFD #2",0.8070,14,0,1
309,552.951618,553.136434,"IEEE 802.15.4z SFD #2",0.8051,14,0,1
310,553.222887,553.395097,"IEEE 802.15.4z SFD #2",0.6626,2,0,1
311,557.563165,557.747980,"IEEE 802.15.4z SFD #2",0.8463,14,1,1
312,557.834431,558.019246,"IEEE 802.15.4z SFD #2",0.8639,14,1,1
313,562.445976,562.630792,"IEEE 802.15.4z SFD #2",0.8680,14,1,1
314,562.717244,562.902060,"IEEE 802.15.4z SFD #2",0.8680,14,1,1
315,562.988512,563.173329,"IEEE 802.15.4z SFD #2",0.8559,14,1,1
316,563.259778,563.444594,"IEEE 802.15.4z SFD #2",0.8680,14,1,1
317,567.328788,567.513604,"IEEE 802.15.4z SFD #2",0.8291,14,1,1
318,567.600057,567.784874,"IEEE 802.15.4z SFD #2",0.8220,14,1,1
319,568.142590,568.327406,"IEEE 802.15.4z SFD #2",0.8291,14,1,1
320,573.308782,573.494790,"IEEE 802.15.4z SFD #2",0.6294,14,0,0
321,577.458348,577.643164,"IEEE 802.15.4z SFD #2",0.8706,14,1,1
322,578.000883,578.185699,"IEEE 802.15.4z SFD #2",0.8260,14,0,1
323,578.272150,578.456966,"IEEE 802.15.4z SFD #2",0.8706,14,1,1
324,582.341159,582.525975,"IEEE 802.15.4z SFD #2",0.8497,14,1,1
325,582.612428,582.797244,"IEEE 802.15.4z SFD #2",0.8497,14,1,1
326,582.883695,583.068513,"IEEE 802.15.4z SFD #2",0.8407,14,1,1
327,583.154961,583.339777,"IEEE 802.15.4z SFD #2",0.8497,14,1,1
328,587.495241,587.680058,"IEEE 802.15.4z SFD #2",0.8295,14,1,1
329,587.766508,587.951324,"IEEE 802.15.4z SFD #2",0.8310,14,1,1
330,588.309043,588.493860,"IEEE 802.15.4z SFD #2",0.8295,14,1,1
331,593.231482,593.416465,"IEEE 802.15.4z SFD #2",0.5623,13,0,0
332,597.380023,597.564838,"IEEE 802.15.4z SFD #2",0.8626,14,1,1
333,597.651290,597.836106,"IEEE 802.15.4z SFD #2",0.8626,14,1,1
334,597.922557,598.107373,"IEEE 802.15.4z SFD #2",0.8473,14,1,1
335,598.193825,598.378640,"IEEE 802.15.4z SFD #2",0.8626,14,1,1
336,603.314296,603.500302,"IEEE 802.15.4z SFD #2",0.8421,14,1,0
337,607.463859,607.648675,"IEEE 802.15.4z SFD #2",0.8509,14,1,1
338,607.735128,607.919944,"IEEE 802.15.4z SFD #2",0.8509,14,1,1
339,608.277661,608.462477,"IEEE 802.15.4z SFD #2",0.8509,14,1,1
340,612.346672,612.531487,"IEEE 802.15.4z SFD #2",0.8557,14,1,1
341,612.617940,612.802757,"IEEE 802.15.4z SFD #2",0.8481,14,1,1
342,612.889208,613.074023,"IEEE 802.15.4z SFD #2",0.8557,14,1,1
343,613.160474,613.345289,"IEEE 802.15.4z SFD #2",0.8557,14,1,1
344,618.339077,618.525083,"IEEE 802.15.4z SFD #2",0.8513,14,1,0
345,622.217373,622.402189,"IEEE 802.15.4z SFD #2",0.8474,14,1,1
346,622.488639,622.673455,"IEEE 802.15.4z SFD #2",0.8473,14,1,1
347,622.759908,622.943674,"IEEE 802.15.4z SFD #2",0.6833,13,0,1
348,623.031175,623.215991,"IEEE 802.15.4z SFD #2",0.8474,14,1,1
349,623.302443,623.487259,"IEEE 802.15.4z SFD #2",0.8473,14,1,1
350,627.371452,627.556268,"IEEE 802.15.4z SFD #2",0.8465,14,1,1
351,627.642721,627.827538,"IEEE 802.15.4z SFD #2",0.8319,14,1,1
352,627.913987,628.098801,"IEEE 802.15.4z SFD #2",0.5588,14,0,1
353,628.185254,628.370070,"IEEE 802.15.4z SFD #2",0.8465,14,1,1
354,632.254266,632.439083,"IEEE 802.15.4z SFD #2",0.8499,14,1,1
355,632.525532,632.710347,"IEEE 802.15.4z SFD #2",0.8689,14,1,1
356,632.796799,632.981615,"IEEE 802.15.4z SFD #2",0.8557,14,1,1
357,633.068068,633.252885,"IEEE 802.15.4z SFD #2",0.8499,14,1,1
358,633.339335,633.524151,"IEEE 802.15.4z SFD #2",0.8689,14,1,1
359,637.408344,637.593160,"IEEE 802.15.4z SFD #2",0.8694,14,1,1
360,637.679612,637.864427,"IEEE 802.15.4z SFD #2",0.8671,14,1,1
361,637.950880,638.135697,"IEEE 802.15.4z SFD #2",0.8553,14,1,1
362,638.222146,638.406962,"IEEE 802.15.4z SFD #2",0.8694,14,1,1
363,642.562425,642.747243,"IEEE 802.15.4z SFD #2",0.8328,14,1,1
364,647.445238,647.630058,"IEEE 802.15.4z SFD #2",0.5617,14,0,1
365,647.716505,647.901318,"IEEE 802.15.4z SFD #2",0.5864,14,0,1
366,648.259040,648.443860,"IEEE 802.15.4z SFD #2",0.5617,14,0,1
367,653.233957,653.420991,"IEEE 802.15.4z SFD #2",0.6159,15,0,0
368,657.384547,657.569363,"IEEE 802.15.4z SFD #2",0.8642,14,1,1
369,657.655816,657.840632,"IEEE 802.15.4z SFD #2",0.8642,14,1,1
370,657.927083,658.111899,"IEEE 802.15.4z SFD #2",0.8642,14,1,1
371,658.198349,658.383165,"IEEE 802.15.4z SFD #2",0.8642,14,1,1
372,663.339686,663.513386,"IEEE 802.15.4z SFD #2",0.6293,2,0,0
373,667.205676,667.390492,"IEEE 802.15.4z SFD #2",0.7980,14,0,1
374,667.476944,667.661759,"IEEE 802.15.4z SFD #2",0.7977,14,0,1
375,667.748211,667.933028,"IEEE 802.15.4z SFD #2",0.8092,14,0,1
376,668.019478,668.204294,"IEEE 802.15.4z SFD #2",0.7980,14,0,1
377,668.290746,668.475562,"IEEE 802.15.4z SFD #2",0.7977,14,0,1
378,672.359756,672.544573,"IEEE 802.15.4z SFD #2",0.8660,14,1,1
379,672.902289,673.087105,"IEEE 802.15.4z SFD #2",0.8684,14,1,1
380,673.173558,673.358375,"IEEE 802.15.4z SFD #2",0.8660,14,1,1
381,677.242569,677.427386,"IEEE 802.15.4z SFD #2",0.8514,14,1,1
382,677.513836,677.698652,"IEEE 802.15.4z SFD #2",0.8670,14,1,1
383,677.785102,677.969918,"IEEE 802.15.4z SFD #2",0.8670,14,1,1
384,678.056371,678.241188,"IEEE 802.15.4z SFD #2",0.8514,14,1,1
385,678.327637,678.512453,"IEEE 802.15.4z SFD #2",0.8670,14,1,1
386,682.396648,682.581462,"IEEE 802.15.4z SFD #2",0.5828,14,0,1
387,682.667916,682.852733,"IEEE 802.15.4z SFD #2",0.8501,14,1,1
388,682.939182,683.123998,"IEEE 802.15.4z SFD #2",0.8522,14,1,1
389,683.210451,683.395264,"IEEE 802.15.4z SFD #2",0.5828,14,0,1
390,688.261864,688.447875,"IEEE 802.15.4z SFD #2",0.5141,14,0,0
391,692.411431,692.596247,"IEEE 802.15.4z SFD #2",0.8664,14,1,1
392,692.682700,692.867516,"IEEE 802.15.4z SFD #2",0.8664,14,1,1
393,693.225233,693.410049,"IEEE 802.15.4z SFD #2",0.8664,14,1,1
394,697.294245,697.479061,"IEEE 802.15.4z SFD #2",0.8707,14,1,1
395,697.565511,697.750327,"IEEE 802.15.4z SFD #2",0.8707,14,1,1
396,697.836780,698.021597,"IEEE 802.15.4z SFD #2",0.8515,14,1,1
397,698.108047,698.292863,"IEEE 802.15.4z SFD #2",0.8707,14,1,1
398,702.448325,702.633142,"IEEE 802.15.4z SFD #2",0.8375,14,1,1
399,702.719592,702.904408,"IEEE 802.15.4z SFD #2",0.8436,14,1,1
400,703.262127,703.446944,"IEEE 802.15.4z SFD #2",0.8375,14,1,1
401,708.239252,708.425259,"IEEE 802.15.4z SFD #2",0.8294,14,1,0
402,712.388816,712.573631,"IEEE 802.15.4z SFD #2",0.8650,14,1,1
403,712.660084,712.844902,"IEEE 802.15.4z SFD #2",0.8613,14,1,1
404,712.931350,713.116166,"IEEE 802.15.4z SFD #2",0.8663,14,1,1
405,713.202618,713.387434,"IEEE 802.15.4z SFD #2",0.8650,14,1,1
406,717.271628,717.456444,"IEEE 802.15.4z SFD #2",0.8516,14,1,1
407,717.542897,717.727714,"IEEE 802.15.4z SFD #2",0.8414,14,1,1
408,717.814164,717.998980,"IEEE 802.15.4z SFD #2",0.8517,14,1,1
409,718.085430,718.270246,"IEEE 802.15.4z SFD #2",0.8516,14,1,1
410,718.356699,718.541516,"IEEE 802.15.4z SFD #2",0.8414,14,1,1
411,723.298410,723.484417,"IEEE 802.15.4z SFD #2",0.8523,14,1,0
412,727.447975,727.632791,"IEEE 802.15.4z SFD #2",0.8436,14,1,1
413,727.719241,727.904057,"IEEE 802.15.4z SFD #2",0.8436,14,1,1
414,727.990510,728.175327,"IEEE 802.15.4z SFD #2",0.8312,14,1,1
415,728.261777,728.446593,"IEEE 802.15.4z SFD #2",0.8436,14,1,1
416,732.330787,732.515603,"IEEE 802.15.4z SFD #2",0.8672,14,1,1
417,732.602055,732.786871,"IEEE 802.15.4z SFD #2",0.8548,14,1,1
418,732.873322,733.058138,"IEEE 802.15.4z SFD #2",0.8672,14,1,1
419,733.144590,733.329405,"IEEE 802.15.4z SFD #2",0.8672,14,1,1
420,737.213599,737.398414,"IEEE 802.15.4z SFD #2",0.8495,14,1,1
421,737.756133,737.940949,"IEEE 802.15.4z SFD #2",0.8495,14,1,1
422,738.027401,738.212217,"IEEE 802.15.4z SFD #2",0.8495,14,1,1
423,742.638947,742.823763,"IEEE 802.15.4z SFD #2",0.8372,14,1,1
424,742.910215,743.095032,"IEEE 802.15.4z SFD #2",0.8357,14,1,1
425,748.235693,748.421700,"IEEE 802.15.4z SFD #2",0.8318,14,1,0
426,752.385257,752.570072,"IEEE 802.15.4z SFD #2",0.8692,14,1,1
427,752.656525,752.841341,"IEEE 802.15.4z SFD #2",0.8692,14,1,1
428,752.927791,753.112607,"IEEE 802.15.4z SFD #2",0.8692,14,1,1
429,753.199059,753.383875,"IEEE 802.15.4z SFD #2",0.8692,14,1,1
430,757.268070,757.452886,"IEEE 802.15.4z SFD #2",0.7927,14,0,1
431,757.810605,757.995421,"IEEE 802.15.4z SFD #2",0.7951,14,0,1
432,758.081873,758.266688,"IEEE 802.15.4z SFD #2",0.7927,14,0,1
433,767.304961,767.489776,"IEEE 802.15.4z SFD #2",0.6237,14,0,1
434,767.576229,767.761045,"IEEE 802.15.4z SFD #2",0.8699,14,1,1
435,767.847498,768.032315,"IEEE 802.15.4z SFD #2",0.8402,14,0,1
436,768.118764,768.303578,"IEEE 802.15.4z SFD #2",0.6237,14,0,1
437,773.335258,773.521263,"IEEE 802.15.4z SFD #2",0.8647,14,1,0
438,777.213554,777.398371,"IEEE 802.15.4z SFD #2",0.8428,14,1,1
439,777.484820,777.669636,"IEEE 802.15.4z SFD #2",0.8119,14,0,1
440,778.027356,778.212173,"IEEE 802.15.4z SFD #2",0.8428,14,1,1
441,778.298622,778.483438,"IEEE 802.15.4z SFD #2",0.8119,14,0,1
442,787.250445,787.435261,"IEEE 802.15.4z SFD #2",0.8643,14,1,1
443,787.792981,787.977797,"IEEE 802.15.4z SFD #2",0.8652,14,1,1
444,788.064247,788.249063,"IEEE 802.15.4z SFD #2",0.8643,14,1,1
445,792.404526,792.589343,"IEEE 802.15.4z SFD #2",0.8555,14,1,1
446,792.675793,792.860609,"IEEE 802.15.4z SFD #2",0.8701,14,1,1
447,792.947059,793.131875,"IEEE 802.15.4z SFD #2",0.8701,14,1,1
448,793.218328,793.403145,"IEEE 802.15.4z SFD #2",0.8555,14,1,1
449,798.300146,798.485128,"IEEE 802.15.4z SFD #2",0.5692,13,0,0
450,802.448684,802.633503,"IEEE 802.15.4z SFD #2",0.6212,14,0,1
451,803.262486,803.447305,"IEEE 802.15.4z SFD #2",0.6212,14,0,1
452,807.331498,807.516314,"IEEE 802.15.4z SFD #2",0.8639,14,1,1
453,807.602766,807.787583,"IEEE 802.15.4z SFD #2",0.8617,14,1,1
454,807.874032,808.058847,"IEEE 802.15.4z SFD #2",0.8639,14,1,1
455,808.145300,808.330116,"IEEE 802.15.4z SFD #2",0.8639,14,1,1
456,812.214311,812.399127,"IEEE 802.15.4z SFD #2",0.8660,14,1,1
457,812.485578,812.670395,"IEEE 802.15.4z SFD #2",0.8545,14,1,1
458,812.756844,812.941660,"IEEE 802.15.4z SFD #2",0.8660,14,1,1
459,813.028113,813.212929,"IEEE 802.15.4z SFD #2",0.8660,14,1,1
460,813.299380,813.484197,"IEEE 802.15.4z SFD #2",0.8545,14,1,1
461,817.639657,817.824472,"IEEE 802.15.4z SFD #2",0.8437,14,1,1
462,822.793738,822.978555,"IEEE 802.15.4z SFD #2",0.8268,14,1,1
463,827.405283,827.590100,"IEEE 802.15.4z SFD #2",0.8632,14,1,1
464,827.676550,827.861366,"IEEE 802.15.4z SFD #2",0.8654,14,1,1
465,827.947816,828.132635,"IEEE 802.15.4z SFD #2",0.6560,14,0,1
466,828.219085,828.403902,"IEEE 802.15.4z SFD #2",0.8632,14,1,1
467,832.288095,832.472913,"IEEE 802.15.4z SFD #2",0.8485,14,1,1
468,832.559363,832.744179,"IEEE 802.15.4z SFD #2",0.8581,14,1,1
469,832.830630,833.015446,"IEEE 802.15.4z SFD #2",0.8581,14,1,1
470,833.101898,833.286715,"IEEE 802.15.4z SFD #2",0.8485,14,1,1
471,837.442175,837.626991,"IEEE 802.15.4z SFD #2",0.8506,14,1,1
472,837.713443,837.898258,"IEEE 802.15.4z SFD #2",0.8506,14,1,1
473,837.984710,838.169526,"IEEE 802.15.4z SFD #2",0.8334,14,1,1
474,838.255977,838.440793,"IEEE 802.15.4z SFD #2",0.8506,14,1,1
475,842.324986,842.509802,"IEEE 802.15.4z SFD #2",0.8464,14,1,1
476,842.867521,843.052337,"IEEE 802.15.4z SFD #2",0.8209,14,0,1
477,843.138789,843.323604,"IEEE 802.15.4z SFD #2",0.8464,14,1,1
478,847.207800,847.392616,"IEEE 802.15.4z SFD #2",0.8413,14,0,1
479,847.479068,847.663883,"IEEE 802.15.4z SFD #2",0.8628,14,1,1
480,847.750335,847.935151,"IEEE 802.15.4z SFD #2",0.8628,14,1,1
481,848.021602,848.206418,"IEEE 802.15.4z SFD #2",0.8413,14,0,1
482,848.292870,848.477686,"IEEE 802.15.4z SFD #2",0.8628,14,1,1
483,852.361880,852.546696,"IEEE 802.15.4z SFD #2",0.8547,14,1,1
484,852.633148,852.817963,"IEEE 802.15.4z SFD #2",0.8547,14,1,1
485,852.904415,853.089232,"IEEE 802.15.4z SFD #2",0.8472,14,1,1
486,853.175682,853.360498,"IEEE 802.15.4z SFD #2",0.8547,14,1,1
487,858.256787,858.430485,"IEEE 802.15.4z SFD #2",0.6768,2,0,0
488,862.665309,862.850125,"IEEE 802.15.4z SFD #2",0.8408,14,1,1
489,862.936578,863.121394,"IEEE 802.15.4z SFD #2",0.8408,14,1,1
490,867.276855,867.461671,"IEEE 802.15.4z SFD #2",0.8636,14,1,1
491,867.548123,867.732939,"IEEE 802.15.4z SFD #2",0.8608,14,1,1
492,867.819390,868.004206,"IEEE 802.15.4z SFD #2",0.8608,14,1,1
493,868.090658,868.275473,"IEEE 802.15.4z SFD #2",0.8636,14,1,1
494,868.360491,868.545307,"IEEE 802.15.4z SFD #2",0.8608,14,1,1
495,872.430934,872.615750,"IEEE 802.15.4z SFD #2",0.8410,14,1,1
496,872.702203,872.887020,"IEEE 802.15.4z SFD #2",0.8340,14,1,1
497,872.973469,873.151982,"IEEE 802.15.4z SFD #2",0.6277,8,0,1
498,873.244736,873.429552,"IEEE 802.15.4z SFD #2",0.8410,14,1,1
499,878.232610,878.418614,"IEEE 802.15.4z SFD #2",0.6244,14,0,0
500,882.382172,882.566989,"IEEE 802.15.4z SFD #2",0.8602,14,1,1
501,882.653438,882.838254,"IEEE 802.15.4z SFD #2",0.8611,14,1,1
502,883.195974,883.380792,"IEEE 802.15.4z SFD #2",0.8602,14,1,1
503,888.251577,888.437583,"IEEE 802.15.4z SFD #2",0.8690,14,1,0
504,893.258133,893.444139,"IEEE 802.15.4z SFD #2",0.8359,14,1,0
505,898.234477,898.420481,"IEEE 802.15.4z SFD #2",0.5527,14,0,0
506,903.273018,903.459026,"IEEE 802.15.4z SFD #2",0.6700,14,0,0
507,908.358435,908.544440,"IEEE 802.15.4z SFD #2",0.8657,14,1,0
508,912.236731,912.408941,"IEEE 802.15.4z SFD #2",0.6451,2,0,1
509,912.507997,912.692813,"IEEE 802.15.4z SFD #2",0.8491,14,1,1
510,912.779266,912.964083,"IEEE 802.15.4z SFD #2",0.8450,14,1,1
511,913.050533,913.222743,"IEEE 802.15.4z SFD #2",0.6451,2,0,1
512,913.321799,913.506615,"IEEE 802.15.4z SFD #2",0.8491,14,1,1
513,918.265511,918.478185,"IEEE 802.15.4z SFD #2",0.5525,40,0,0
514,922.441743,922.626558,"IEEE 802.15.4z SFD #2",0.8643,14,1,1
515,922.713009,922.897824,"IEEE 802.15.4z SFD #2",0.8627,14,1,1
516,922.984277,923.162792,"IEEE 802.15.4z SFD #2",0.7053,8,0,1
517,923.255545,923.440361,"IEEE 802.15.4z SFD #2",0.8643,14,1,1
518,928.362789,928.548796,"IEEE 802.15.4z SFD #2",0.8639,14,1,0
519,932.241085,932.425901,"IEEE 802.15.4z SFD #2",0.8375,14,1,1
520,932.783620,932.968435,"IEEE 802.15.4z SFD #2",0.8340,14,1,1
521,933.054887,933.239703,"IEEE 802.15.4z SFD #2",0.8375,14,1,1
522,942.549245,942.734060,"IEEE 802.15.4z SFD #2",0.8303,14,0,1
523,942.820512,943.005328,"IEEE 802.15.4z SFD #2",0.8558,14,1,1
524,943.361073,943.545889,"IEEE 802.15.4z SFD #2",0.8301,14,0,1
