index,window_offset,abs_start_sample,abs_end_sample,abs_phr_start_sample,abs_phr_end_sample,abs_payload_start_sample,abs_payload_end_sample,localization_start_sample,localization_end_sample,end_sample_source,has_precise_end_sample,time_start_ms,time_end_ms,detected_repetitions,sample_clock_error_ppm,cfo_hz,sfd_name,sfd_correlation,phr_secded_pass,psdu_length_bytes,fcs_received,fcs_calculated,fcs_pass,payload_hex
1,95900,149879,282940,251938,267816,267818,282940,147831,287036,"decoded_payload_last_chip",1,0.203286,0.383762,136,1.178604,-179.477085,"IEEE 802.15.4z SFD #2",0.872029,1,14,0x6943,0x6943,1,"3D05AD8A88DA8AA8AD88DA8A4369"
2,2308800,2362776,2495838,2464835,2480714,2480715,2495838,2360728,2499934,"decoded_payload_last_chip",1,3.204720,3.385197,136,0.000000,-237.942669,"IEEE 802.15.4z SFD #2",0.881129,1,14,0x6943,0x6943,1,"3D05AD8A88DA8AA8AD88DA8A4369"
3,4511800,4573807,4706868,4675866,4691745,4691746,4706868,4571759,4710964,"decoded_payload_last_chip",1,6.203623,6.384098,136,0.000000,-92.037205,"IEEE 802.15.4z SFD #2",0.881208,1,14,0x6943,0x6943,1,"3D05AD8A88DA8AA8AD88DA8A4369"
4,6729900,6784891,6917952,6886950,6902829,6902830,6917952,6782843,6922048,"decoded_payload_last_chip",1,9.202597,9.383073,136,0.316955,-184.336010,"IEEE 802.15.4z SFD #2",0.878069,1,14,0x6943,0x6943,1,"3D05AD8A88DA8AA8AD88DA8A4369"
5,8941800,8995998,9129059,9098057,9113935,9113937,9129059,8993950,9133155,"decoded_payload_last_chip",1,12.201603,12.382079,136,0.000000,-160.955592,"IEEE 802.15.4z SFD #2",0.881311,1,14,0x6943,0x6943,1,"3D05AD8A88DA8AA8AD88DA8A4369"
6,11147800,11201777,11334838,11303836,11319715,11319716,11334838,11199729,11338934,"decoded_payload_last_chip",1,15.193382,15.373858,136,0.316955,-147.958366,"IEEE 802.15.4z SFD #2",0.878467,1,14,0x6943,0x6943,1,"3D05AD8A88DA8AA8AD88DA8A4369"
7,13366900,13421279,13554340,13523338,13539216,13539218,13554340,13419231,13558436,"decoded_payload_last_chip",1,18.203775,18.384250,136,0.000000,-147.364646,"IEEE 802.15.4z SFD #2",0.880851,1,14,0x6943,0x6943,1,"3D05AD8A88DA8AA8AD88DA8A4369"
8,15576400,15631967,15765028,15734026,15749904,15749906,15765028,15629919,15769124,"decoded_payload_last_chip",1,21.202212,21.382688,136,0.000000,-155.032105,"IEEE 802.15.4z SFD #2",0.880951,1,14,0x6943,0x6943,1,"3D05AD8A88DA8AA8AD88DA8A4369"
9,17777908,17843653,17976714,17945712,17961591,17961592,17976714,17841605,17980810,"decoded_payload_last_chip",1,24.202003,24.382479,136,0.000000,-228.434726,"IEEE 802.15.4z SFD #2",0.880669,1,14,0x6943,0x6943,1,"3D05AD8A88DA8AA8AD88DA8A4369"
10,20010684,20065389,20198451,20167449,20183327,20183329,20198451,20063341,20202547,"decoded_payload_last_chip",1,27.215426,27.395903,136,2.683555,-52.329910,"IEEE 802.15.4z SFD #2",0.854903,1,14,0x6943,0x6943,1,"3D05AD8A88DA8AA8AD88DA8A4369"
11,22213740,22268272,22401335,22370332,22386211,22386212,22401335,22266224,22405431,"decoded_payload_last_chip",1,30.203277,30.383755,136,7.085713,-416.791232,"IEEE 802.15.4z SFD #2",0.828991,1,14,0x6943,0x6943,1,"3D05AD8A88DA8AA8AD88DA8A4369"
12,24424504,24479753,24612814,24581812,24597690,24597692,24612814,24477705,24616910,"decoded_payload_last_chip",1,33.202790,33.383266,136,2.404165,-109.710973,"IEEE 802.15.4z SFD #2",0.860615,1,14,0x6943,0x6943,1,"3D05AD8A88DA8AA8AD88DA8A4369"
13,26639400,26693305,26826367,26795365,26811243,26811244,26826367,26691257,26830463,"decoded_payload_last_chip",1,36.205112,36.385589,136,0.000000,-175.174990,"IEEE 802.15.4z SFD #2",0.880079,1,14,0x6943,0x6943,1,"3D05AD8A88DA8AA8AD88DA8A4369"
14,28849000,28902930,29035991,29004989,29020867,29020869,29035991,28900882,29040087,"decoded_payload_last_chip",1,39.202108,39.382583,136,0.000000,-237.565364,"IEEE 802.15.4z SFD #2",0.880057,1,14,0x6943,0x6943,1,"3D05AD8A88DA8AA8AD88DA8A4369"
15,31057400,31115538,31248600,31217597,31233476,31233477,31248600,31113490,31252696,"decoded_payload_last_chip",1,42.203149,42.383626,136,0.000000,-156.512632,"IEEE 802.15.4z SFD #2",0.880155,1,14,0x6943,0x6943,1,"3D05AD8A88DA8AA8AD88DA8A4369"
16,33257600,33318865,33451926,33420924,33436802,33436804,33451926,33316817,33456022,"decoded_payload_last_chip",1,45.191603,45.372078,136,-0.000000,-187.381209,"IEEE 802.15.4z SFD #2",0.880039,1,14,0x6943,0x6943,1,"3D05AD8A88DA8AA8AD88DA8A4369"
17,35479800,35538935,35671996,35640994,35656872,35656873,35671996,35536887,35676092,"decoded_payload_last_chip",1,48.202766,48.383241,136,0.000000,-87.877050,"IEEE 802.15.4z SFD #2",0.880116,1,14,0x6943,0x6943,1,"3D05AD8A88DA8AA8AD88DA8A4369"
18,37689800,37751088,37884149,37853147,37869025,37869027,37884149,37749040,37888245,"decoded_payload_last_chip",1,51.203190,51.383666,136,0.629215,-50.187107,"IEEE 802.15.4z SFD #2",0.874201,1,14,0x6943,0x6943,1,"3D05AD8A88DA8AA8AD88DA8A4369"
19,39883152,39961905,40094966,40063964,40079843,40079844,40094966,39959857,40099062,"decoded_payload_last_chip",1,54.201803,54.382278,136,0.000000,-182.858904,"IEEE 802.15.4z SFD #2",0.880224,1,14,0x6943,0x6943,1,"3D05AD8A88DA8AA8AD88DA8A4369"
20,42128200,42182140,42315201,42284199,42300078,42300079,42315201,42180092,42319297,"decoded_payload_last_chip",1,57.213189,57.393665,136,0.000000,-73.949556,"IEEE 802.15.4z SFD #2",0.880164,1,14,0x6943,0x6943,1,"3D05AD8A88DA8AA8AD88DA8A4369"
21,44332200,44386064,44519125,44488123,44504002,44504003,44519125,44384016,44523221,"decoded_payload_last_chip",1,60.202452,60.382928,136,0.000000,-164.541087,"IEEE 802.15.4z SFD #2",0.879650,1,14,0x6943,0x6943,1,"3D05AD8A88DA8AA8AD88DA8A4369"
22,46544100,46598017,46731078,46700076,46715954,46715956,46731078,46595969,46735174,"decoded_payload_last_chip",1,63.202606,63.383081,136,1.239648,-243.970753,"IEEE 802.15.4z SFD #2",0.869533,1,14,0x6943,0x6943,1,"3D05AD8A88DA8AA8AD88DA8A4369"
23,48756900,48810867,48943928,48912926,48928804,48928806,48943928,48808819,48948024,"decoded_payload_last_chip",1,66.203975,66.384451,136,1.537820,-237.862669,"IEEE 802.15.4z SFD #2",0.865764,1,14,0x6943,0x6943,1,"3D05AD8A88DA8AA8AD88DA8A4369"
24,50967700,51021584,51154645,51123643,51139522,51139523,51154645,51019536,51158741,"decoded_payload_last_chip",1,69.202452,69.382928,136,0.000000,-227.354910,"IEEE 802.15.4z SFD #2",0.879650,1,14,0x6943,0x6943,1,"3D05AD8A88DA8AA8AD88DA8A4369"
25,53153836,53233890,53366952,53335949,53351828,53351829,53366952,53231842,53371048,"decoded_payload_last_chip",1,72.203084,72.383561,136,0.000000,-134.157435,"IEEE 802.15.4z SFD #2",0.880004,1,14,0x6943,0x6943,1,"3D05AD8A88DA8AA8AD88DA8A4369"
26,55401400,55455378,55588439,55557437,55573315,55573317,55588439,55453330,55592535,"decoded_payload_last_chip",1,75.216170,75.396646,136,0.000000,-163.619923,"IEEE 802.15.4z SFD #2",0.879506,1,14,0x6943,0x6943,1,"3D05AD8A88DA8AA8AD88DA8A4369"
27,57603600,57657576,57790638,57759635,57775514,57775515,57790638,57655528,57794734,"decoded_payload_last_chip",1,78.203092,78.383569,136,0.000000,-181.799161,"IEEE 802.15.4z SFD #2",0.879314,1,14,0x6943,0x6943,1,"3D05AD8A88DA8AA8AD88DA8A4369"
28,59815100,59869062,60002124,59971122,59987000,59987002,60002124,59867014,60006220,"decoded_payload_last_chip",1,81.202612,81.383089,136,1.831297,-101.122511,"IEEE 802.15.4z SFD #2",0.861912,1,14,0x6943,0x6943,1,"3D05AD8A88DA8AA8AD88DA8A4369"
29,62026400,62080323,62213384,62182382,62198261,62198262,62213384,62078275,62217480,"decoded_payload_last_chip",1,84.201827,84.382303,136,0.000000,-125.140323,"IEEE 802.15.4z SFD #2",0.878750,1,14,0x6943,0x6943,1,"3D05AD8A88DA8AA8AD88DA8A4369"
30,64253300,64307299,64440360,64409358,64425236,64425237,64440360,64305251,64444456,"decoded_payload_last_chip",1,87.222356,87.402832,136,0.000000,-199.706220,"IEEE 802.15.4z SFD #2",0.879157,1,14,0x6943,0x6943,1,"3D05AD8A88DA8AA8AD88DA8A4369"
31,66430900,66504405,66637466,66606464,66622343,66622344,66637466,66502357,66641562,"decoded_payload_last_chip",1,90.202372,90.382848,136,0.936779,-166.697087,"IEEE 802.15.4z SFD #2",0.871729,1,14,0x6943,0x6943,1,"3D05AD8A88DA8AA8AD88DA8A4369"
32,68662700,68716569,68849630,68818628,68834507,68834508,68849630,68714521,68853726,"decoded_payload_last_chip",1,93.202812,93.383287,136,0.000000,-176.198550,"IEEE 802.15.4z SFD #2",0.878447,1,14,0x6943,0x6943,1,"3D05AD8A88DA8AA8AD88DA8A4369"
33,70875500,70929744,71062806,71031804,71047682,71047683,71062806,70927696,71066902,"decoded_payload_last_chip",1,96.204622,96.385099,136,0.000000,-101.341528,"IEEE 802.15.4z SFD #2",0.879226,1,14,0x6943,0x6943,1,"3D05AD8A88DA8AA8AD88DA8A4369"
34,73085800,73139777,73272838,73241836,73257715,73257716,73272838,73137729,73276934,"decoded_payload_last_chip",1,99.202171,99.382647,136,0.000000,-179.589722,"IEEE 802.15.4z SFD #2",0.878851,1,14,0x6943,0x6943,1,"3D05AD8A88DA8AA8AD88DA8A4369"
35,75295500,75352509,75485570,75454568,75470447,75470448,75485570,75350461,75489666,"decoded_payload_last_chip",1,102.203381,102.383857,136,0.629215,-120.693409,"IEEE 802.15.4z SFD #2",0.873420,1,14,0x6943,0x6943,1,"3D05AD8A88DA8AA8AD88DA8A4369"
36,77510300,77574232,77707293,77676291,77692170,77692171,77707293,77572184,77711389,"decoded_payload_last_chip",1,105.216786,105.397262,136,0.000000,-125.268168,"IEEE 802.15.4z SFD #2",0.878679,1,14,0x6943,0x6943,1,"3D05AD8A88DA8AA8AD88DA8A4369"
37,79722500,79776437,79909498,79878496,79894375,79894376,79909498,79774389,79913594,"decoded_payload_last_chip",1,108.203718,108.384193,136,0.000000,-267.815555,"IEEE 802.15.4z SFD #2",0.877972,1,14,0x6943,0x6943,1,"3D05AD8A88DA8AA8AD88DA8A4369"
38,81929200,81987084,82120145,82089143,82105021,82105023,82120145,81985036,82124241,"decoded_payload_last_chip",1,111.202100,111.382575,136,0.000000,-185.959230,"IEEE 802.15.4z SFD #2",0.878691,1,14,0x6943,0x6943,1,"3D05AD8A88DA8AA8AD88DA8A4369"
39,84145800,84199756,84332818,84301816,84317694,84317695,84332818,84197708,84336914,"decoded_payload_last_chip",1,114.203228,114.383705,136,0.000000,-105.798922,"IEEE 802.15.4z SFD #2",0.878472,1,14,0x6943,0x6943,1,"3D05AD8A88DA8AA8AD88DA8A4369"
40,86346620,86419076,86552137,86521135,86537013,86537015,86552137,86417028,86556233,"decoded_payload_last_chip",1,117.213373,117.393849,136,0.000000,-205.892154,"IEEE 802.15.4z SFD #2",0.878523,1,14,0x6943,0x6943,1,"3D05AD8A88DA8AA8AD88DA8A4369"
41,88569700,88623614,88756675,88725673,88741551,88741553,88756675,88621566,88760771,"decoded_payload_last_chip",1,120.203470,120.383945,136,0.000000,-64.760575,"IEEE 802.15.4z SFD #2",0.878269,1,14,0x6943,0x6943,1,"3D05AD8A88DA8AA8AD88DA8A4369"
42,90781100,90835082,90968143,90937141,90953019,90953020,90968143,90833034,90972239,"decoded_payload_last_chip",1,123.202965,123.383440,136,0.000000,-169.806468,"IEEE 802.15.4z SFD #2",0.878328,1,14,0x6943,0x6943,1,"3D05AD8A88DA8AA8AD88DA8A4369"
43,92991300,93047684,93180745,93149743,93165621,93165623,93180745,93045636,93184841,"decoded_payload_last_chip",1,126.203998,126.384474,136,0.000000,-234.049091,"IEEE 802.15.4z SFD #2",0.878249,1,14,0x6943,0x6943,1,"3D05AD8A88DA8AA8AD88DA8A4369"
44,95204900,95258898,95391959,95360957,95376836,95376837,95391959,95256850,95396055,"decoded_payload_last_chip",1,129.203149,129.383625,136,2.404165,-157.817555,"IEEE 802.15.4z SFD #2",0.857102,1,14,0x6943,0x6943,1,"3D05AD8A88DA8AA8AD88DA8A4369"
45,97416600,97470566,97603627,97572625,97588504,97588505,97603627,97468518,97607723,"decoded_payload_last_chip",1,132.202916,132.383392,136,0.000000,-129.877328,"IEEE 802.15.4z SFD #2",0.878003,1,14,0x6943,0x6943,1,"3D05AD8A88DA8AA8AD88DA8A4369"
46,99638900,99692856,99825918,99794916,99810794,99810795,99825918,99690808,99830014,"decoded_payload_last_chip",1,135.217090,135.397567,136,0.000000,-210.430524,"IEEE 802.15.4z SFD #2",0.877717,1,14,0x6943,0x6943,1,"3D05AD8A88DA8AA8AD88DA8A4369"
47,101841000,101894914,102027975,101996973,102012851,102012853,102027975,101892866,102032071,"decoded_payload_last_chip",1,138.203822,138.384298,136,0.000000,-147.259838,"IEEE 802.15.4z SFD #2",0.877524,1,14,0x6943,0x6943,1,"3D05AD8A88DA8AA8AD88DA8A4369"
48,104051800,104105761,104238822,104207820,104223698,104223700,104238822,104103713,104242918,"decoded_payload_last_chip",1,141.202475,141.382951,136,0.000000,-75.190644,"IEEE 802.15.4z SFD #2",0.877937,1,14,0x6943,0x6943,1,"3D05AD8A88DA8AA8AD88DA8A4369"
49,106259000,106317974,106451035,106420033,106435911,106435913,106451035,106315926,106455131,"decoded_payload_last_chip",1,144.202981,144.383457,136,1.239648,-104.363421,"IEEE 802.15.4z SFD #2",0.866838,1,14,0x6943,0x6943,1,"3D05AD8A88DA8AA8AD88DA8A4369"
50,108484100,108538042,108671104,108640101,108655980,108655981,108671104,108535994,108675200,"decoded_payload_last_chip",1,147.214141,147.394618,136,0.000000,-75.393436,"IEEE 802.15.4z SFD #2",0.877758,1,14,0x6943,0x6943,1,"3D05AD8A88DA8AA8AD88DA8A4369"
51,110685200,110741139,110874200,110843198,110859077,110859078,110874200,110739091,110878296,"decoded_payload_last_chip",1,150.202283,150.382758,136,0.000000,-191.533262,"IEEE 802.15.4z SFD #2",0.877471,1,14,0x6943,0x6943,1,"3D05AD8A88DA8AA8AD88DA8A4369"
52,112899600,112953546,113086607,113055605,113071484,113071485,113086607,112951498,113090703,"decoded_payload_last_chip",1,153.203052,153.383527,136,0.000000,-220.695065,"IEEE 802.15.4z SFD #2",0.877408,1,14,0x6943,0x6943,1,"3D05AD8A88DA8AA8AD88DA8A4369"
53,115113100,115167099,115300160,115269158,115285037,115285038,115300160,115165051,115304256,"decoded_payload_last_chip",1,156.205375,156.385851,136,0.000000,-299.362887,"IEEE 802.15.4z SFD #2",0.877224,1,14,0x6943,0x6943,1,"3D05AD8A88DA8AA8AD88DA8A4369"
54,117316600,117377362,117510423,117479421,117495300,117495301,117510423,117375314,117514519,"decoded_payload_last_chip",1,159.203236,159.383712,136,0.000000,-233.709710,"IEEE 802.15.4z SFD #2",0.877543,1,14,0x6943,0x6943,1,"3D05AD8A88DA8AA8AD88DA8A4369"
55,119534300,119588216,119721277,119690275,119706153,119706155,119721277,119586168,119725373,"decoded_payload_last_chip",1,162.201899,162.382374,136,0.629215,-255.396494,"IEEE 802.15.4z SFD #2",0.872235,1,14,0x6943,0x6943,1,"3D05AD8A88DA8AA8AD88DA8A4369"
56,121757500,121812001,121945062,121914060,121929938,121929940,121945062,121809953,121949158,"decoded_payload_last_chip",1,165.218100,165.398576,136,0.000000,-81.093013,"IEEE 802.15.4z SFD #2",0.877189,1,14,0x6943,0x6943,1,"3D05AD8A88DA8AA8AD88DA8A4369"
57,123958400,124012303,124145364,124114362,124130241,124130242,124145364,124010255,124149460,"decoded_payload_last_chip",1,168.202451,168.382926,136,0.000000,-188.968489,"IEEE 802.15.4z SFD #2",0.876685,1,14,0x6943,0x6943,1,"3D05AD8A88DA8AA8AD88DA8A4369"
58,126170200,126224190,126357252,126326249,126342128,126342129,126357252,126222142,126361348,"decoded_payload_last_chip",1,171.202515,171.382992,136,-0.000000,-131.046132,"IEEE 802.15.4z SFD #2",0.876700,1,14,0x6943,0x6943,1,"3D05AD8A88DA8AA8AD88DA8A4369"
59,128383500,128437419,128570480,128539478,128555356,128555358,128570480,128435371,128574576,"decoded_payload_last_chip",1,174.204399,174.384874,136,-0.000000,-143.924223,"IEEE 802.15.4z SFD #2",0.876403,1,14,0x6943,0x6943,1,"3D05AD8A88DA8AA8AD88DA8A4369"
60,130601700,130656678,130789740,130758738,130774616,130774617,130789740,130654630,130793836,"decoded_payload_last_chip",1,177.214461,177.394938,136,0.000000,-110.440177,"IEEE 802.15.4z SFD #2",0.876439,1,14,0x6943,0x6943,1,"3D05AD8A88DA8AA8AD88DA8A4369"
61,132805700,132859645,132992707,132961704,132977583,132977584,132992707,132857597,132996803,"decoded_payload_last_chip",1,180.202426,180.382903,136,0.000000,-283.824938,"IEEE 802.15.4z SFD #2",0.876525,1,14,0x6943,0x6943,1,"3D05AD8A88DA8AA8AD88DA8A4369"
62,135016920,135071651,135204713,135173710,135189589,135189590,135204713,135069603,135208809,"decoded_payload_last_chip",1,183.202652,183.383129,136,2.404165,-210.769401,"IEEE 802.15.4z SFD #2",0.857395,1,14,0x6943,0x6943,1,"3D05AD8A88DA8AA8AD88DA8A4369"
63,137230500,137284477,137417538,137386536,137402415,137402416,137417538,137282429,137421634,"decoded_payload_last_chip",1,186.203989,186.384465,136,0.000000,-110.432672,"IEEE 802.15.4z SFD #2",0.876440,1,14,0x6943,0x6943,1,"3D05AD8A88DA8AA8AD88DA8A4369"
64,139441700,139495632,139628693,139597691,139613570,139613571,139628693,139493584,139632789,"decoded_payload_last_chip",1,189.203060,189.383535,136,0.000000,-181.901147,"IEEE 802.15.4z SFD #2",0.876668,1,14,0x6943,0x6943,1,"3D05AD8A88DA8AA8AD88DA8A4369"
65,141624696,141706840,141839901,141808899,141824777,141824778,141839901,141704792,141843997,"decoded_payload_last_chip",1,192.202203,192.382678,136,0.000000,-221.203842,"IEEE 802.15.4z SFD #2",0.876222,1,14,0x6943,0x6943,1,"3D05AD8A88DA8AA8AD88DA8A4369"
66,143871636,143929887,144062948,144031946,144047824,144047826,144062948,143927839,144067044,"decoded_payload_last_chip",1,195.217403,195.397879,136,0.000000,-186.521245,"IEEE 802.15.4z SFD #2",0.876242,1,14,0x6943,0x6943,1,"3D05AD8A88DA8AA8AD88DA8A4369"
67,146077500,146131501,146264562,146233560,146249438,146249440,146264562,146129453,146268658,"decoded_payload_last_chip",1,198.203533,198.384009,136,1.239648,-190.670464,"IEEE 802.15.4z SFD #2",0.866714,1,14,0x6943,0x6943,1,"3D05AD8A88DA8AA8AD88DA8A4369"
68,148287200,148342514,148475575,148444573,148460452,148460453,148475575,148340466,148479671,"decoded_payload_last_chip",1,201.202412,201.382887,136,3.228249,-216.559498,"IEEE 802.15.4z SFD #2",0.847584,1,14,0x6943,0x6943,1,"3D05AD8A88DA8AA8AD88DA8A4369"
69,150483284,150554761,150687822,150656820,150672699,150672700,150687822,150552713,150691918,"decoded_payload_last_chip",1,204.202964,204.383439,136,0.316955,-121.512322,"IEEE 802.15.4z SFD #2",0.873791,1,14,0x6943,0x6943,1,"3D05AD8A88DA8AA8AD88DA8A4369"
70,152709600,152770612,152903674,152872672,152888550,152888551,152903674,152768564,152907770,"decoded_payload_last_chip",1,207.208404,207.388881,136,0.000000,-325.256175,"IEEE 802.15.4z SFD #2",0.875977,1,14,0x6943,0x6943,1,"3D05AD8A88DA8AA8AD88DA8A4369"
71,154925000,154978967,155112028,155081026,155096904,155096906,155112028,154976919,155116124,"decoded_payload_last_chip",1,210.203677,210.384153,136,0.000000,-172.445473,"IEEE 802.15.4z SFD #2",0.876248,1,14,0x6943,0x6943,1,"3D05AD8A88DA8AA8AD88DA8A4369"
72,157135400,157189365,157322426,157291424,157307303,157307304,157322426,157187317,157326522,"decoded_payload_last_chip",1,213.201721,213.382197,136,0.000000,-174.014541,"IEEE 802.15.4z SFD #2",0.875843,1,14,0x6943,0x6943,1,"3D05AD8A88DA8AA8AD88DA8A4369"
73,159349100,159410675,159543736,159512734,159528613,159528614,159543736,159408627,159547832,"decoded_payload_last_chip",1,216.214566,216.395041,136,0.000000,-194.169452,"IEEE 802.15.4z SFD #2",0.875798,1,14,0x6943,0x6943,1,"3D05AD8A88DA8AA8AD88DA8A4369"
74,161557888,161613583,161746644,161715642,161731520,161731522,161746644,161611535,161750740,"decoded_payload_last_chip",1,219.202451,219.382926,136,0.000000,-161.432909,"IEEE 802.15.4z SFD #2",0.876159,1,14,0x6943,0x6943,1,"3D05AD8A88DA8AA8AD88DA8A4369"
75,163771800,163825777,163958838,163927836,163943715,163943716,163958838,163823729,163962934,"decoded_payload_last_chip",1,222.202931,222.383407,136,0.000000,-155.782798,"IEEE 802.15.4z SFD #2",0.875751,1,14,0x6943,0x6943,1,"3D05AD8A88DA8AA8AD88DA8A4369"
76,165983100,166038314,166171375,166140373,166156252,166156253,166171375,166036266,166175471,"decoded_payload_last_chip",1,225.203876,225.384352,136,0.000000,-239.035344,"IEEE 802.15.4z SFD #2",0.874899,1,14,0x6943,0x6943,1,"3D05AD8A88DA8AA8AD88DA8A4369"
77,168196700,168250639,168383700,168352698,168368576,168368578,168383700,168248591,168387796,"decoded_payload_last_chip",1,228.204534,228.385010,136,0.000000,-101.640926,"IEEE 802.15.4z SFD #2",0.875219,1,14,0x6943,0x6943,1,"3D05AD8A88DA8AA8AD88DA8A4369"
78,170407100,170461043,170594104,170563102,170578981,170578982,170594104,170458995,170598200,"decoded_payload_last_chip",1,231.202587,231.383062,136,0.000000,-111.242905,"IEEE 802.15.4z SFD #2",0.875360,1,14,0x6943,0x6943,1,"3D05AD8A88DA8AA8AD88DA8A4369"
79,172616800,172672310,172805371,172774369,172790248,172790249,172805371,172670262,172809467,"decoded_payload_last_chip",1,234.201809,234.382285,136,0.000000,-60.294076,"IEEE 802.15.4z SFD #2",0.874765,1,14,0x6943,0x6943,1,"3D05AD8A88DA8AA8AD88DA8A4369"
80,174844168,174898547,175031608,175000606,175016484,175016486,175031608,174896499,175035704,"decoded_payload_last_chip",1,237.221337,237.401812,136,0.000000,-174.994190,"IEEE 802.15.4z SFD #2",0.875447,1,14,0x6943,0x6943,1,"3D05AD8A88DA8AA8AD88DA8A4369"
81,177042300,177096279,177229340,177198338,177214217,177214218,177229340,177094231,177233436,"decoded_payload_last_chip",1,240.202201,240.382677,136,0.000000,-180.433220,"IEEE 802.15.4z SFD #2",0.875066,1,14,0x6943,0x6943,1,"3D05AD8A88DA8AA8AD88DA8A4369"
82,179254400,179308379,179441440,179410438,179426317,179426318,179441440,179306331,179445536,"decoded_payload_last_chip",1,243.202554,243.383030,136,0.000000,-213.605336,"IEEE 802.15.4z SFD #2",0.874984,1,14,0x6943,0x6943,1,"3D05AD8A88DA8AA8AD88DA8A4369"
83,181459668,181530546,181663608,181632605,181648484,181648485,181663608,181528498,181667704,"decoded_payload_last_chip",1,246.216561,246.397038,136,1.239648,-273.834445,"IEEE 802.15.4z SFD #2",0.865564,1,14,0x6943,0x6943,1,"3D05AD8A88DA8AA8AD88DA8A4369"
84,183677100,183731852,183864914,183833912,183849790,183849791,183864914,183729804,183869010,"decoded_payload_last_chip",1,249.202273,249.382750,136,0.000000,-289.218030,"IEEE 802.15.4z SFD #2",0.874826,1,14,0x6943,0x6943,1,"3D05AD8A88DA8AA8AD88DA8A4369"
85,185889700,185943622,186076683,186045681,186061559,186061561,186076683,185941574,186080779,"decoded_payload_last_chip",1,252.202178,252.382654,136,0.000000,-77.343240,"IEEE 802.15.4z SFD #2",0.874659,1,14,0x6943,0x6943,1,"3D05AD8A88DA8AA8AD88DA8A4369"
86,188093200,188155515,188288576,188257574,188273453,188273454,188288576,188153467,188292672,"decoded_payload_last_chip",1,255.202250,255.382726,136,1.537820,-269.823860,"IEEE 802.15.4z SFD #2",0.862965,1,14,0x6943,0x6943,1,"3D05AD8A88DA8AA8AD88DA8A4369"
87,190290300,190367130,190500191,190469189,190485068,190485069,190500191,190365082,190504287,"decoded_payload_last_chip",1,258.201945,258.382421,136,0.000000,-250.211890,"IEEE 802.15.4z SFD #2",0.874005,1,14,0x6943,0x6943,1,"3D05AD8A88DA8AA8AD88DA8A4369"
88,192523200,192580459,192713520,192682518,192698396,192698398,192713520,192578411,192717616,"decoded_payload_last_chip",1,261.203965,261.384440,136,0.000000,-233.954312,"IEEE 802.15.4z SFD #2",0.874264,1,14,0x6943,0x6943,1,"3D05AD8A88DA8AA8AD88DA8A4369"
89,194737700,194792346,194925407,194894405,194910284,194910285,194925407,194790298,194929503,"decoded_payload_last_chip",1,264.204028,264.384504,136,-0.000000,-79.535755,"IEEE 802.15.4z SFD #2",0.874290,1,14,0x6943,0x6943,1,"3D05AD8A88DA8AA8AD88DA8A4369"
90,196955900,197009852,197142913,197111911,197127790,197127791,197142913,197007804,197147009,"decoded_payload_last_chip",1,267.211713,267.392189,136,2.120079,-115.021875,"IEEE 802.15.4z SFD #2",0.856933,1,14,0x6943,0x6943,1,"3D05AD8A88DA8AA8AD88DA8A4369"
91,199153900,199215867,199348928,199317926,199333804,199333805,199348928,199213819,199353024,"decoded_payload_last_chip",1,270.203813,270.384288,136,0.000000,-196.224380,"IEEE 802.15.4z SFD #2",0.873529,1,14,0x6943,0x6943,1,"3D05AD8A88DA8AA8AD88DA8A4369"
92,201371900,201426696,201559757,201528755,201544634,201544635,201559757,201424648,201563853,"decoded_payload_last_chip",1,273.202441,273.382917,136,0.000000,-101.778047,"IEEE 802.15.4z SFD #2",0.874260,1,14,0x6943,0x6943,1,"3D05AD8A88DA8AA8AD88DA8A4369"
93,203595100,203649046,203782107,203751105,203766984,203766985,203782107,203646998,203786203,"decoded_payload_last_chip",1,276.216697,276.397172,136,0.000000,-90.777451,"IEEE 802.15.4z SFD #2",0.874047,1,14,0x6943,0x6943,1,"3D05AD8A88DA8AA8AD88DA8A4369"
94,205780084,205851097,205984159,205953157,205969035,205969037,205984159,205849049,205988255,"decoded_payload_last_chip",1,279.203419,279.383896,136,1.831297,-260.427681,"IEEE 802.15.4z SFD #2",0.861217,1,14,0x6943,0x6943,1,"3D05AD8A88DA8AA8AD88DA8A4369"
95,208007952,208061886,208194947,208163945,208179823,208179824,208194947,208059838,208199043,"decoded_payload_last_chip",1,282.201994,282.382469,136,-0.000000,-153.833593,"IEEE 802.15.4z SFD #2",0.873819,1,14,0x6943,0x6943,1,"3D05AD8A88DA8AA8AD88DA8A4369"
96,210219600,210273466,210406527,210375525,210391403,210391405,210406527,210271418,210410623,"decoded_payload_last_chip",1,285.201641,285.382117,136,0.000000,-57.315090,"IEEE 802.15.4z SFD #2",0.873586,1,14,0x6943,0x6943,1,"3D05AD8A88DA8AA8AD88DA8A4369"
97,212431540,212486764,212619826,212588823,212604702,212604703,212619826,212484716,212623922,"decoded_payload_last_chip",1,288.203619,288.384096,136,0.000000,-196.343465,"IEEE 802.15.4z SFD #2",0.873496,1,14,0x6943,0x6943,1,"3D05AD8A88DA8AA8AD88DA8A4369"
98,214643700,214697653,214830715,214799713,214815591,214815592,214830715,214695605,214834811,"decoded_payload_last_chip",1,291.202329,291.382806,136,-0.000000,-228.853552,"IEEE 802.15.4z SFD #2",0.873202,1,14,0x6943,0x6943,1,"3D05AD8A88DA8AA8AD88DA8A4369"
99,216856100,216910049,217043110,217012108,217027987,217027988,217043110,216908001,217047206,"decoded_payload_last_chip",1,294.203083,294.383558,136,0.316955,-231.729404,"IEEE 802.15.4z SFD #2",0.870838,1,14,0x6943,0x6943,1,"3D05AD8A88DA8AA8AD88DA8A4369"
100,219076500,219131205,219264266,219233264,219249143,219249144,219264266,219129157,219268362,"decoded_payload_last_chip",1,297.215719,297.396194,136,0.000000,-81.702783,"IEEE 802.15.4z SFD #2",0.873277,1,14,0x6943,0x6943,1,"3D05AD8A88DA8AA8AD88DA8A4369"
101,221274000,221333759,221466820,221435818,221451696,221451697,221466820,221331711,221470916,"decoded_payload_last_chip",1,300.203124,300.383599,136,0.000000,-189.785103,"IEEE 802.15.4z SFD #2",0.872828,1,14,0x6943,0x6943,1,"3D05AD8A88DA8AA8AD88DA8A4369"
102,223486200,223544807,223677868,223646866,223662744,223662745,223677868,223542759,223681964,"decoded_payload_last_chip",1,303.202049,303.382525,136,0.000000,-188.476164,"IEEE 802.15.4z SFD #2",0.873051,1,14,0x6943,0x6943,1,"3D05AD8A88DA8AA8AD88DA8A4369"
103,225708400,225767570,225900631,225869629,225885507,225885509,225900631,225765522,225904727,"decoded_payload_last_chip",1,306.216865,306.397340,136,0.000000,-158.983086,"IEEE 802.15.4z SFD #2",0.873073,1,14,0x6943,0x6943,1,"3D05AD8A88DA8AA8AD88DA8A4369"
104,227909200,227969012,228102074,228071072,228086950,228086951,228102074,227966964,228106170,"decoded_payload_last_chip",1,309.202762,309.383238,136,0.000000,-410.919838,"IEEE 802.15.4z SFD #2",0.871437,1,14,0x6943,0x6943,1,"3D05AD8A88DA8AA8AD88DA8A4369"
105,230100264,230180982,230314043,230283041,230298920,230298921,230314043,230178934,230318139,"decoded_payload_last_chip",1,312.202938,312.383413,136,0.000000,-198.100224,"IEEE 802.15.4z SFD #2",0.872124,1,14,0x6943,0x6943,1,"3D05AD8A88DA8AA8AD88DA8A4369"
106,232332000,232393455,232526516,232495514,232511392,232511394,232526516,232391407,232530612,"decoded_payload_last_chip",1,315.203796,315.384272,136,1.239648,-262.263173,"IEEE 802.15.4z SFD #2",0.863288,1,14,0x6943,0x6943,1,"3D05AD8A88DA8AA8AD88DA8A4369"
107,234551600,234605489,234738550,234707548,234723427,234723428,234738550,234603441,234742646,"decoded_payload_last_chip",1,318.204060,318.384535,136,0.000000,-137.358556,"IEEE 802.15.4z SFD #2",0.872625,1,14,0x6943,0x6943,1,"3D05AD8A88DA8AA8AD88DA8A4369"
108,236762600,236816591,236949652,236918650,236934529,236934530,236949652,236814543,236953748,"decoded_payload_last_chip",1,321.203059,321.383534,136,0.316955,-148.237014,"IEEE 802.15.4z SFD #2",0.869721,1,14,0x6943,0x6943,1,"3D05AD8A88DA8AA8AD88DA8A4369"
109,238973700,239028165,239161226,239130224,239146103,239146104,239161226,239026117,239165322,"decoded_payload_last_chip",1,324.202698,324.383173,136,0.316955,-248.486519,"IEEE 802.15.4z SFD #2",0.870076,1,14,0x6943,0x6943,1,"3D05AD8A88DA8AA8AD88DA8A4369"
110,241194900,241248890,241381952,241350950,241366828,241366829,241381952,241246842,241386048,"decoded_payload_last_chip",1,327.214749,327.395226,136,0.316955,-145.973674,"IEEE 802.15.4z SFD #2",0.870008,1,14,0x6943,0x6943,1,"3D05AD8A88DA8AA8AD88DA8A4369"
111,243396300,243451343,243584404,243553402,243569280,243569282,243584404,243449295,243588500,"decoded_payload_last_chip",1,330.202017,330.382492,136,0.000000,-154.302947,"IEEE 802.15.4z SFD #2",0.871102,1,14,0x6943,0x6943,1,"3D05AD8A88DA8AA8AD88DA8A4369"
112,245591100,245663679,245796740,245765738,245781616,245781618,245796740,245661631,245800836,"decoded_payload_last_chip",1,333.202690,333.383165,136,0.000000,-211.703182,"IEEE 802.15.4z SFD #2",0.871904,1,14,0x6943,0x6943,1,"3D05AD8A88DA8AA8AD88DA8A4369"
113,247817300,247877338,248010400,247979397,247995276,247995277,248010400,247875290,248014496,"decoded_payload_last_chip",1,336.205157,336.385634,136,0.000000,-177.953059,"IEEE 802.15.4z SFD #2",0.871834,1,14,0x6943,0x6943,1,"3D05AD8A88DA8AA8AD88DA8A4369"
114,250033700,250087654,250220715,250189713,250205592,250205593,250220715,250085606,250224811,"decoded_payload_last_chip",1,339.203090,339.383565,136,-0.000000,-193.484584,"IEEE 802.15.4z SFD #2",0.871810,1,14,0x6943,0x6943,1,"3D05AD8A88DA8AA8AD88DA8A4369"
115,252244300,252299417,252432478,252401476,252417355,252417356,252432478,252297369,252436574,"decoded_payload_last_chip",1,342.202985,342.383461,136,0.000000,-171.133233,"IEEE 802.15.4z SFD #2",0.871728,1,14,0x6943,0x6943,1,"3D05AD8A88DA8AA8AD88DA8A4369"
116,254456400,254510383,254643444,254612442,254628320,254628322,254643444,254508335,254647540,"decoded_payload_last_chip",1,345.201800,345.382275,136,0.000000,-135.243064,"IEEE 802.15.4z SFD #2",0.871584,1,14,0x6943,0x6943,1,"3D05AD8A88DA8AA8AD88DA8A4369"
117,256674500,256732656,256865717,256834715,256850594,256850595,256865717,256730608,256869813,"decoded_payload_last_chip",1,348.215951,348.396426,136,0.000000,-182.894242,"IEEE 802.15.4z SFD #2",0.871346,1,14,0x6943,0x6943,1,"3D05AD8A88DA8AA8AD88DA8A4369"
118,258875572,258934879,259067940,259036938,259052816,259052818,259067940,258932831,259072036,"decoded_payload_last_chip",1,351.202907,351.383382,136,0.000000,-23.952515,"IEEE 802.15.4z SFD #2",0.870583,1,14,0x6943,0x6943,1,"3D05AD8A88DA8AA8AD88DA8A4369"
119,261083400,261145714,261278776,261247773,261263652,261263653,261278776,261143666,261282872,"decoded_payload_last_chip",1,354.201544,354.382020,136,0.629215,-80.127454,"IEEE 802.15.4z SFD #2",0.866552,1,14,0x6943,0x6943,1,"3D05AD8A88DA8AA8AD88DA8A4369"
120,263305100,263359031,263492093,263461091,263476969,263476970,263492093,263356983,263496189,"decoded_payload_last_chip",1,357.203547,357.384024,136,1.831297,-106.791756,"IEEE 802.15.4z SFD #2",0.855152,1,14,0x6943,0x6943,1,"3D05AD8A88DA8AA8AD88DA8A4369"
121,265516200,265570180,265703241,265672239,265688118,265688119,265703241,265568132,265707337,"decoded_payload_last_chip",1,360.202610,360.383085,136,1.239648,-120.893341,"IEEE 802.15.4z SFD #2",0.860662,1,14,0x6943,0x6943,1,"3D05AD8A88DA8AA8AD88DA8A4369"
122,267726424,267782947,267916008,267885006,267900885,267900886,267916008,267780899,267920104,"decoded_payload_last_chip",1,363.203867,363.384342,136,0.000000,-22.545249,"IEEE 802.15.4z SFD #2",0.870870,1,14,0x6943,0x6943,1,"3D05AD8A88DA8AA8AD88DA8A4369"
123,269951700,270005604,270138665,270107663,270123541,270123543,270138665,270003556,270142761,"decoded_payload_last_chip",1,366.218538,366.399014,136,0.000000,33.152008,"IEEE 802.15.4z SFD #2",0.870304,1,14,0x6943,0x6943,1,"3D05AD8A88DA8AA8AD88DA8A4369"
124,272147532,272206598,272339659,272308657,272324535,272324537,272339659,272204550,272343755,"decoded_payload_last_chip",1,369.203828,369.384303,136,0.000000,-86.318501,"IEEE 802.15.4z SFD #2",0.870657,1,14,0x6943,0x6943,1,"3D05AD8A88DA8AA8AD88DA8A4369"
125,274365000,274418999,274552061,274521059,274536937,274536939,274552061,274416951,274556157,"decoded_payload_last_chip",1,372.204588,372.385065,136,3.754160,-206.082090,"IEEE 802.15.4z SFD #2",0.841666,1,14,0x6943,0x6943,1,"3D05AD8A88DA8AA8AD88DA8A4369"
126,276576000,276629911,276762973,276731970,276747849,276747850,276762973,276627863,276767069,"decoded_payload_last_chip",1,375.203330,375.383807,136,-0.000000,-149.435430,"IEEE 802.15.4z SFD #2",0.870486,1,14,0x6943,0x6943,1,"3D05AD8A88DA8AA8AD88DA8A4369"
127,278801600,278856007,278989068,278958066,278973945,278973946,278989068,278853959,278993164,"decoded_payload_last_chip",1,378.222666,378.403141,136,1.239648,-230.525731,"IEEE 802.15.4z SFD #2",0.858551,1,14,0x6943,0x6943,1,"3D05AD8A88DA8AA8AD88DA8A4369"
128,280972164,281053609,281186670,281155668,281171546,281171548,281186670,281051561,281190766,"decoded_payload_last_chip",1,381.203354,381.383830,136,0.000000,-149.843940,"IEEE 802.15.4z SFD #2",0.870338,1,14,0x6943,0x6943,1,"3D05AD8A88DA8AA8AD88DA8A4369"
129,283211000,283265000,283398061,283367059,283382937,283382939,283398061,283262952,283402157,"decoded_payload_last_chip",1,384.202745,384.383221,136,0.000000,-135.166588,"IEEE 802.15.4z SFD #2",0.870437,1,14,0x6943,0x6943,1,"3D05AD8A88DA8AA8AD88DA8A4369"
130,285424400,285478305,285611366,285580364,285596243,285596244,285611366,285476257,285615462,"decoded_payload_last_chip",1,387.204732,387.385208,136,4.010072,-242.668862,"IEEE 802.15.4z SFD #2",0.836986,1,14,0x6943,0x6943,1,"3D05AD8A88DA8AA8AD88DA8A4369"
131,287635000,287688922,287821984,287790982,287806860,287806862,287821984,287686874,287826080,"decoded_payload_last_chip",1,390.203073,390.383550,136,0.936779,-184.083122,"IEEE 802.15.4z SFD #2",0.862921,1,14,0x6943,0x6943,1,"3D05AD8A88DA8AA8AD88DA8A4369"
132,289846600,289900597,290033658,290002656,290018535,290018536,290033658,289898549,290037754,"decoded_payload_last_chip",1,393.202850,393.383325,136,1.239648,-221.241775,"IEEE 802.15.4z SFD #2",0.860853,1,14,0x6943,0x6943,1,"3D05AD8A88DA8AA8AD88DA8A4369"
133,292059600,292113524,292246585,292215583,292231461,292231463,292246585,292111476,292250681,"decoded_payload_last_chip",1,396.204324,396.384800,136,0.316955,-167.294560,"IEEE 802.15.4z SFD #2",0.867257,1,14,0x6943,0x6943,1,"3D05AD8A88DA8AA8AD88DA8A4369"
134,294264300,294324146,294457208,294426205,294442084,294442085,294457208,294322098,294461304,"decoded_payload_last_chip",1,399.202672,399.383149,136,0.000000,-187.642266,"IEEE 802.15.4z SFD #2",0.869753,1,14,0x6943,0x6943,1,"3D05AD8A88DA8AA8AD88DA8A4369"
135,296477000,296536312,296669373,296638371,296654249,296654251,296669373,296534264,296673469,"decoded_payload_last_chip",1,402.203114,402.383590,136,0.000000,-154.069258,"IEEE 802.15.4z SFD #2",0.869582,1,14,0x6943,0x6943,1,"3D05AD8A88DA8AA8AD88DA8A4369"
136,298693900,298747892,298880953,298849951,298865829,298865831,298880953,298745844,298885049,"decoded_payload_last_chip",1,405.202762,405.383237,136,0.316955,-23.199227,"IEEE 802.15.4z SFD #2",0.866374,1,14,0x6943,0x6943,1,"3D05AD8A88DA8AA8AD88DA8A4369"
137,300919700,300973562,301106623,301075621,301091500,301091501,301106623,300971514,301110719,"decoded_payload_last_chip",1,408.221520,408.401995,136,2.404165,-82.548678,"IEEE 802.15.4z SFD #2",0.850010,1,14,0x6943,0x6943,1,"3D05AD8A88DA8AA8AD88DA8A4369"
138,303118200,303172074,303305135,303274133,303290011,303290013,303305135,303170026,303309231,"decoded_payload_last_chip",1,411.203442,411.383918,136,0.000000,-264.552822,"IEEE 802.15.4z SFD #2",0.869092,1,14,0x6943,0x6943,1,"3D05AD8A88DA8AA8AD88DA8A4369"
139,305330800,305384741,305517802,305486800,305502678,305502680,305517802,305382693,305521898,"decoded_payload_last_chip",1,414.204564,414.385040,136,0.000000,-222.035237,"IEEE 802.15.4z SFD #2",0.869100,1,14,0x6943,0x6943,1,"3D05AD8A88DA8AA8AD88DA8A4369"
140,307540700,307596085,307729146,307698144,307714022,307714024,307729146,307594037,307733242,"decoded_payload_last_chip",1,417.203891,417.384367,136,0.000000,-205.944400,"IEEE 802.15.4z SFD #2",0.869032,1,14,0x6943,0x6943,1,"3D05AD8A88DA8AA8AD88DA8A4369"
141,309754400,309808291,309941352,309910350,309926228,309926230,309941352,309806243,309945448,"decoded_payload_last_chip",1,420.204388,420.384863,136,0.000000,-235.960372,"IEEE 802.15.4z SFD #2",0.867936,1,14,0x6943,0x6943,1,"3D05AD8A88DA8AA8AD88DA8A4369"
142,311962300,312018081,312151143,312120140,312136019,312136020,312151143,312016033,312155239,"decoded_payload_last_chip",1,423.201607,423.382084,136,2.404165,-101.826191,"IEEE 802.15.4z SFD #2",0.850278,1,14,0x6943,0x6943,1,"3D05AD8A88DA8AA8AD88DA8A4369"
143,314178400,314232308,314365369,314334367,314350245,314350247,314365369,314230260,314369465,"decoded_payload_last_chip",1,426.204845,426.385320,136,0.000000,-284.569210,"IEEE 802.15.4z SFD #2",0.868083,1,14,0x6943,0x6943,1,"3D05AD8A88DA8AA8AD88DA8A4369"
144,316388400,316442334,316575395,316544393,316560271,316560272,316575395,316440286,316579491,"decoded_payload_last_chip",1,429.202384,429.382860,136,-0.000000,-72.231262,"IEEE 802.15.4z SFD #2",0.869009,1,14,0x6943,0x6943,1,"3D05AD8A88DA8AA8AD88DA8A4369"
145,318600900,318654830,318787891,318756889,318772767,318772769,318787891,318652782,318791987,"decoded_payload_last_chip",1,432.203274,432.383750,136,1.239648,-93.754165,"IEEE 802.15.4z SFD #2",0.857739,1,14,0x6943,0x6943,1,"3D05AD8A88DA8AA8AD88DA8A4369"
146,320779048,320866262,320999323,320968321,320984199,320984201,320999323,320864214,321003419,"decoded_payload_last_chip",1,435.202721,435.383196,136,0.000000,-101.296877,"IEEE 802.15.4z SFD #2",0.868602,1,14,0x6943,0x6943,1,"3D05AD8A88DA8AA8AD88DA8A4369"
147,323024700,323088369,323221431,323190428,323206307,323206308,323221431,323086321,323225527,"decoded_payload_last_chip",1,438.216646,438.397123,136,0.000000,-178.195762,"IEEE 802.15.4z SFD #2",0.868699,1,14,0x6943,0x6943,1,"3D05AD8A88DA8AA8AD88DA8A4369"
148,325232400,325289245,325422306,325391304,325407182,325407184,325422306,325287197,325426402,"decoded_payload_last_chip",1,441.201775,441.382251,136,0.000000,-238.051382,"IEEE 802.15.4z SFD #2",0.868356,1,14,0x6943,0x6943,1,"3D05AD8A88DA8AA8AD88DA8A4369"
149,327448552,327502573,327635635,327604632,327620511,327620512,327635635,327500525,327639731,"decoded_payload_last_chip",1,444.203794,444.384271,136,0.000000,-132.980115,"IEEE 802.15.4z SFD #2",0.868008,1,14,0x6943,0x6943,1,"3D05AD8A88DA8AA8AD88DA8A4369"
150,329657900,329715424,329848485,329817483,329833362,329833363,329848485,329713376,329852581,"decoded_payload_last_chip",1,447.205165,447.385640,136,0.936779,-99.912244,"IEEE 802.15.4z SFD #2",0.860439,1,14,0x6943,0x6943,1,"3D05AD8A88DA8AA8AD88DA8A4369"
151,331872276,331926702,332059763,332028761,332044640,332044641,332059763,331924654,332063859,"decoded_payload_last_chip",1,450.204403,450.384878,136,0.000000,-235.165332,"IEEE 802.15.4z SFD #2",0.868139,1,14,0x6943,0x6943,1,"3D05AD8A88DA8AA8AD88DA8A4369"
152,334078100,334137763,334270824,334239822,334255700,334255701,334270824,334135715,334274920,"decoded_payload_last_chip",1,453.203346,453.383822,136,-0.000000,-165.357351,"IEEE 802.15.4z SFD #2",0.867974,1,14,0x6943,0x6943,1,"3D05AD8A88DA8AA8AD88DA8A4369"
153,336306800,336360940,336494001,336462999,336478877,336478879,336494001,336358892,336498097,"decoded_payload_last_chip",1,456.218723,456.399198,136,0.000000,-134.693959,"IEEE 802.15.4z SFD #2",0.867572,1,14,0x6943,0x6943,1,"3D05AD8A88DA8AA8AD88DA8A4369"
154,338507300,338561165,338694226,338663224,338679102,338679104,338694226,338559117,338698322,"decoded_payload_last_chip",1,459.202969,459.383445,136,0.000000,-264.349605,"IEEE 802.15.4z SFD #2",0.866696,1,14,0x6943,0x6943,1,"3D05AD8A88DA8AA8AD88DA8A4369"
155,340715000,340773536,340906598,340875595,340891474,340891475,340906598,340771488,340910694,"decoded_payload_last_chip",1,462.203689,462.384166,136,0.000000,-72.358365,"IEEE 802.15.4z SFD #2",0.867216,1,14,0x6943,0x6943,1,"3D05AD8A88DA8AA8AD88DA8A4369"
156,342927900,342983864,343116925,343085923,343101802,343101803,343116925,342981816,343121021,"decoded_payload_last_chip",1,465.201638,465.382114,136,0.000000,-198.096805,"IEEE 802.15.4z SFD #2",0.867629,1,14,0x6943,0x6943,1,"3D05AD8A88DA8AA8AD88DA8A4369"
157,345142900,345200773,345333835,345302832,345318711,345318712,345333835,345198725,345337931,"decoded_payload_last_chip",1,468.208514,468.388991,136,1.537820,-279.698637,"IEEE 802.15.4z SFD #2",0.855329,1,14,0x6943,0x6943,1,"3D05AD8A88DA8AA8AD88DA8A4369"
158,347328720,347408348,347541409,347510407,347526285,347526287,347541409,347406300,347545505,"decoded_payload_last_chip",1,471.202729,471.383204,136,0.000000,-34.367954,"IEEE 802.15.4z SFD #2",0.867599,1,14,0x6943,0x6943,1,"3D05AD8A88DA8AA8AD88DA8A4369"
159,349566800,349620737,349753799,349722796,349738675,349738676,349753799,349618689,349757895,"decoded_payload_last_chip",1,474.203474,474.383950,136,1.239648,-155.890888,"IEEE 802.15.4z SFD #2",0.857225,1,14,0x6943,0x6943,1,"3D05AD8A88DA8AA8AD88DA8A4369"
160,351777800,351833404,351966465,351935463,351951341,351951343,351966465,351831356,351970561,"decoded_payload_last_chip",1,477.204595,477.385071,136,0.000000,-168.917424,"IEEE 802.15.4z SFD #2",0.867575,1,14,0x6943,0x6943,1,"3D05AD8A88DA8AA8AD88DA8A4369"
161,353989300,354043341,354176403,354145400,354161279,354161280,354176403,354041293,354180499,"decoded_payload_last_chip",1,480.202014,480.382491,136,0.000000,-110.975422,"IEEE 802.15.4z SFD #2",0.867717,1,14,0x6943,0x6943,1,"3D05AD8A88DA8AA8AD88DA8A4369"
162,356201700,356255631,356388692,356357690,356373568,356373570,356388692,356253583,356392788,"decoded_payload_last_chip",1,483.202625,483.383100,136,0.000000,-187.137247,"IEEE 802.15.4z SFD #2",0.867646,1,14,0x6943,0x6943,1,"3D05AD8A88DA8AA8AD88DA8A4369"
163,358415300,358469214,358602275,358571273,358587151,358587153,358602275,358467166,358606371,"decoded_payload_last_chip",1,486.204989,486.385464,136,0.316955,-114.754064,"IEEE 802.15.4z SFD #2",0.865032,1,14,0x6943,0x6943,1,"3D05AD8A88DA8AA8AD88DA8A4369"
164,360624100,360678873,360811934,360780932,360796811,360796812,360811934,360676825,360816030,"decoded_payload_last_chip",1,489.202030,489.382506,136,0.000000,-255.895014,"IEEE 802.15.4z SFD #2",0.866550,1,14,0x6943,0x6943,1,"3D05AD8A88DA8AA8AD88DA8A4369"
165,362837700,362891564,363024625,362993623,363009502,363009503,363024625,362889516,363028721,"decoded_payload_last_chip",1,492.203185,492.383660,136,0.000000,-186.470219,"IEEE 802.15.4z SFD #2",0.867212,1,14,0x6943,0x6943,1,"3D05AD8A88DA8AA8AD88DA8A4369"
166,365047500,365102358,365235420,365204418,365220296,365220298,365235420,365100310,365239516,"decoded_payload_last_chip",1,495.201766,495.382243,136,4.636939,-138.657724,"IEEE 802.15.4z SFD #2",0.831062,1,14,0x6943,0x6943,1,"3D05AD8A88DA8AA8AD88DA8A4369"
167,367268300,367322221,367455282,367424280,367440158,367440160,367455282,367320173,367459378,"decoded_payload_last_chip",1,498.212648,498.393123,136,0.000000,-306.752531,"IEEE 802.15.4z SFD #2",0.866595,1,14,0x6943,0x6943,1,"3D05AD8A88DA8AA8AD88DA8A4369"
168,369472400,369526393,369659454,369628452,369644330,369644332,369659454,369524345,369663550,"decoded_payload_last_chip",1,501.202247,501.382723,136,0.000000,-114.566863,"IEEE 802.15.4z SFD #2",0.867320,1,14,0x6943,0x6943,1,"3D05AD8A88DA8AA8AD88DA8A4369"
169,371684400,371738357,371871418,371840416,371856295,371856296,371871418,371736309,371875514,"decoded_payload_last_chip",1,504.202416,504.382891,136,0.936779,-307.800343,"IEEE 802.15.4z SFD #2",0.860194,1,14,0x6943,0x6943,1,"3D05AD8A88DA8AA8AD88DA8A4369"
170,373898100,373952064,374085125,374054123,374070001,374070003,374085125,373950016,374089221,"decoded_payload_last_chip",1,507.204948,507.385423,136,0.000000,-226.371838,"IEEE 802.15.4z SFD #2",0.866993,1,14,0x6943,0x6943,1,"3D05AD8A88DA8AA8AD88DA8A4369"
171,376108500,376162368,376295429,376264427,376280305,376280307,376295429,376160320,376299525,"decoded_payload_last_chip",1,510.202865,510.383340,136,0.000000,-201.644269,"IEEE 802.15.4z SFD #2",0.867096,1,14,0x6943,0x6943,1,"3D05AD8A88DA8AA8AD88DA8A4369"
172,378319600,378373487,378506548,378475546,378491424,378491426,378506548,378371439,378510644,"decoded_payload_last_chip",1,513.201887,513.382362,136,0.000000,-128.272452,"IEEE 802.15.4z SFD #2",0.866443,1,14,0x6943,0x6943,1,"3D05AD8A88DA8AA8AD88DA8A4369"
173,380533808,380588322,380721383,380690381,380706259,380706261,380721383,380586274,380725479,"decoded_payload_last_chip",1,516.205949,516.386424,136,0.000000,-170.774127,"IEEE 802.15.4z SFD #2",0.867362,1,14,0x6943,0x6943,1,"3D05AD8A88DA8AA8AD88DA8A4369"
174,382744500,382798420,382931481,382900479,382916357,382916358,382931481,382796372,382935577,"decoded_payload_last_chip",1,519.203586,519.384062,136,0.316955,-125.884261,"IEEE 802.15.4z SFD #2",0.864659,1,14,0x6943,0x6943,1,"3D05AD8A88DA8AA8AD88DA8A4369"
175,384956600,385010520,385143581,385112579,385128457,385128459,385143581,385008472,385147677,"decoded_payload_last_chip",1,522.203939,522.384414,136,1.239648,-170.823587,"IEEE 802.15.4z SFD #2",0.857538,1,14,0x6943,0x6943,1,"3D05AD8A88DA8AA8AD88DA8A4369"
176,387160800,387222182,387355243,387324241,387340119,387340121,387355243,387220134,387359339,"decoded_payload_last_chip",1,525.203697,525.384173,136,0.000000,-206.320710,"IEEE 802.15.4z SFD #2",0.867065,1,14,0x6943,0x6943,1,"3D05AD8A88DA8AA8AD88DA8A4369"
177,389382900,389436817,389569878,389538876,389554754,389554756,389569878,389434769,389573974,"decoded_payload_last_chip",1,528.207488,528.387964,136,0.936779,-90.974190,"IEEE 802.15.4z SFD #2",0.858588,1,14,0x6943,0x6943,1,"3D05AD8A88DA8AA8AD88DA8A4369"
178,391590800,391644704,391777765,391746763,391762641,391762643,391777765,391642656,391781861,"decoded_payload_last_chip",1,531.202127,531.382602,136,0.000000,-141.033470,"IEEE 802.15.4z SFD #2",0.867026,1,14,0x6943,0x6943,1,"3D05AD8A88DA8AA8AD88DA8A4369"
179,393800800,393856515,393989576,393958574,393974452,393974454,393989576,393854467,393993672,"decoded_payload_last_chip",1,534.202087,534.382563,136,0.629215,-105.316765,"IEEE 802.15.4z SFD #2",0.862379,1,14,0x6943,0x6943,1,"3D05AD8A88DA8AA8AD88DA8A4369"
180,396016300,396070174,396203235,396172233,396188111,396188113,396203235,396068126,396207331,"decoded_payload_last_chip",1,537.204555,537.385030,136,0.000000,-42.125278,"IEEE 802.15.4z SFD #2",0.866956,1,14,0x6943,0x6943,1,"3D05AD8A88DA8AA8AD88DA8A4369"
181,398225300,398279284,398412346,398381344,398397222,398397223,398412346,398277236,398416442,"decoded_payload_last_chip",1,540.200852,540.381329,136,0.000000,-166.444282,"IEEE 802.15.4z SFD #2",0.867173,1,14,0x6943,0x6943,1,"3D05AD8A88DA8AA8AD88DA8A4369"
182,400438400,400492229,400625291,400594288,400610167,400610168,400625291,400490181,400629387,"decoded_payload_last_chip",1,543.202351,543.382827,136,0.000000,-160.400327,"IEEE 802.15.4z SFD #2",0.866725,1,14,0x6943,0x6943,1,"3D05AD8A88DA8AA8AD88DA8A4369"
183,402652500,402706438,402839499,402808497,402824375,402824377,402839499,402704390,402843595,"decoded_payload_last_chip",1,546.205564,546.386039,136,0.000000,-195.384009,"IEEE 802.15.4z SFD #2",0.866894,1,14,0x6943,0x6943,1,"3D05AD8A88DA8AA8AD88DA8A4369"
184,404861900,404915927,405048989,405017987,405033865,405033866,405048989,404913879,405053085,"decoded_payload_last_chip",1,549.202375,549.382852,136,1.239648,-267.909970,"IEEE 802.15.4z SFD #2",0.857945,1,14,0x6943,0x6943,1,"3D05AD8A88DA8AA8AD88DA8A4369"
185,407022200,407128375,407261436,407230434,407246313,407246314,407261436,407126327,407265532,"decoded_payload_last_chip",1,552.203200,552.383675,136,0.000000,-200.320421,"IEEE 802.15.4z SFD #2",0.866976,1,14,0x6943,0x6943,1,"3D05AD8A88DA8AA8AD88DA8A4369"
186,409286400,409340369,409473430,409442428,409458306,409458308,409473430,409338321,409477526,"decoded_payload_last_chip",1,555.203408,555.383884,136,0.000000,-359.119502,"IEEE 802.15.4z SFD #2",0.867022,1,14,0x6943,0x6943,1,"3D05AD8A88DA8AA8AD88DA8A4369"
187,411502000,411555824,411688885,411657883,411673762,411673763,411688885,411553776,411692981,"decoded_payload_last_chip",1,558.208312,558.388787,136,0.000000,-252.230163,"IEEE 802.15.4z SFD #2",0.866864,1,14,0x6943,0x6943,1,"3D05AD8A88DA8AA8AD88DA8A4369"
188,413709300,413763299,413896360,413865358,413881236,413881237,413896360,413761251,413900456,"decoded_payload_last_chip",1,561.202391,561.382867,136,0.000000,-117.603159,"IEEE 802.15.4z SFD #2",0.866742,1,14,0x6943,0x6943,1,"3D05AD8A88DA8AA8AD88DA8A4369"
189,415922500,415976409,416109471,416078468,416094347,416094348,416109471,415974361,416113567,"decoded_payload_last_chip",1,564.204114,564.384591,136,1.239648,-224.217110,"IEEE 802.15.4z SFD #2",0.857067,1,14,0x6943,0x6943,1,"3D05AD8A88DA8AA8AD88DA8A4369"
190,418108768,418187699,418320760,418289758,418305637,418305638,418320760,418185651,418324856,"decoded_payload_last_chip",1,567.203368,567.383843,136,0.000000,-153.313390,"IEEE 802.15.4z SFD #2",0.866982,1,14,0x6943,0x6943,1,"3D05AD8A88DA8AA8AD88DA8A4369"
191,420345600,420399516,420532577,420501575,420517453,420517455,420532577,420397468,420536673,"decoded_payload_last_chip",1,570.203337,570.383812,136,-0.000000,-84.341452,"IEEE 802.15.4z SFD #2",0.867096,1,14,0x6943,0x6943,1,"3D05AD8A88DA8AA8AD88DA8A4369"
192,422556500,422610476,422743537,422712535,422728413,422728415,422743537,422608428,422747633,"decoded_payload_last_chip",1,573.202143,573.382619,136,0.000000,-117.070196,"IEEE 802.15.4z SFD #2",0.866968,1,14,0x6943,0x6943,1,"3D05AD8A88DA8AA8AD88DA8A4369"
193,424770000,424823958,424957019,424926017,424941895,424941897,424957019,424821910,424961115,"decoded_payload_last_chip",1,576.204370,576.384846,136,0.000000,-233.108558,"IEEE 802.15.4z SFD #2",0.866503,1,14,0x6943,0x6943,1,"3D05AD8A88DA8AA8AD88DA8A4369"
194,426980800,427034776,427167837,427136835,427152713,427152715,427167837,427032728,427171933,"decoded_payload_last_chip",1,579.202984,579.383459,136,0.000000,-201.022917,"IEEE 802.15.4z SFD #2",0.866741,1,14,0x6943,0x6943,1,"3D05AD8A88DA8AA8AD88DA8A4369"
195,429192500,429246386,429379447,429348445,429364323,429364324,429379447,429244338,429383543,"decoded_payload_last_chip",1,582.202672,582.383148,136,-0.000000,-219.119761,"IEEE 802.15.4z SFD #2",0.866667,1,14,0x6943,0x6943,1,"3D05AD8A88DA8AA8AD88DA8A4369"
196,431404800,431458722,431591783,431560781,431576659,431576661,431591783,431456674,431595879,"decoded_payload_last_chip",1,585.203345,585.383820,136,0.000000,-152.159027,"IEEE 802.15.4z SFD #2",0.866807,1,14,0x6943,0x6943,1,"3D05AD8A88DA8AA8AD88DA8A4369"
197,433623180,433678638,433811699,433780697,433796575,433796577,433811699,433676590,433815795,"decoded_payload_last_chip",1,588.214299,588.394774,136,2.120079,-67.749415,"IEEE 802.15.4z SFD #2",0.848884,1,14,0x6943,0x6943,1,"3D05AD8A88DA8AA8AD88DA8A4369"
198,435829200,435883182,436016243,435985241,436001119,436001120,436016243,435881134,436020339,"decoded_payload_last_chip",1,591.204403,591.384878,136,0.000000,-260.298052,"IEEE 802.15.4z SFD #2",0.866246,1,14,0x6943,0x6943,1,"3D05AD8A88DA8AA8AD88DA8A4369"
199,438036200,438093060,438226121,438195119,438210998,438210999,438226121,438091012,438230217,"decoded_payload_last_chip",1,594.201742,594.382217,136,0.000000,-179.875956,"IEEE 802.15.4z SFD #2",0.866816,1,14,0x6943,0x6943,1,"3D05AD8A88DA8AA8AD88DA8A4369"
200,440248900,440306897,440439958,440408956,440424834,440424836,440439958,440304849,440444054,"decoded_payload_last_chip",1,597.204450,597.384926,136,0.000000,-145.338327,"IEEE 802.15.4z SFD #2",0.866791,1,14,0x6943,0x6943,1,"3D05AD8A88DA8AA8AD88DA8A4369"
201,442463800,442517662,442650724,442619721,442635600,442635601,442650724,442515614,442654820,"decoded_payload_last_chip",1,600.202992,600.383469,136,3.228249,-187.143468,"IEEE 802.15.4z SFD #2",0.840473,1,14,0x6943,0x6943,1,"3D05AD8A88DA8AA8AD88DA8A4369"
202,444675200,444729176,444862238,444831235,444847114,444847115,444862238,444727128,444866334,"decoded_payload_last_chip",1,603.202550,603.383027,136,0.000000,-77.147812,"IEEE 802.15.4z SFD #2",0.866451,1,14,0x6943,0x6943,1,"3D05AD8A88DA8AA8AD88DA8A4369"
203,446887000,446942032,447075094,447044091,447059970,447059971,447075094,446939984,447079190,"decoded_payload_last_chip",1,606.203928,606.384405,136,0.000000,-184.630453,"IEEE 802.15.4z SFD #2",0.866785,1,14,0x6943,0x6943,1,"3D05AD8A88DA8AA8AD88DA8A4369"
204,449098000,449152207,449285268,449254266,449270144,449270146,449285268,449150159,449289364,"decoded_payload_last_chip",1,609.201670,609.382145,136,0.000000,-225.755454,"IEEE 802.15.4z SFD #2",0.866959,1,14,0x6943,0x6943,1,"3D05AD8A88DA8AA8AD88DA8A4369"
205,451309900,451363864,451496925,451465923,451481801,451481803,451496925,451361816,451501021,"decoded_payload_last_chip",1,612.201421,612.381897,136,0.936779,-173.029247,"IEEE 802.15.4z SFD #2",0.859917,1,14,0x6943,0x6943,1,"3D05AD8A88DA8AA8AD88DA8A4369"
206,453519500,453576625,453709686,453678684,453694563,453694564,453709686,453574577,453713782,"decoded_payload_last_chip",1,615.202671,615.383146,136,0.000000,-100.309625,"IEEE 802.15.4z SFD #2",0.866530,1,14,0x6943,0x6943,1,"3D05AD8A88DA8AA8AD88DA8A4369"
207,455747000,455800866,455933927,455902925,455918803,455918805,455933927,455798818,455938023,"decoded_payload_last_chip",1,618.219491,618.399966,136,0.936779,-228.156757,"IEEE 802.15.4z SFD #2",0.859676,1,14,0x6943,0x6943,1,"3D05AD8A88DA8AA8AD88DA8A4369"
208,457945700,457999631,458132692,458101690,458117569,458117570,458132692,457997583,458136788,"decoded_payload_last_chip",1,621.201756,621.382232,136,-0.000000,-321.442707,"IEEE 802.15.4z SFD #2",0.866710,1,14,0x6943,0x6943,1,"3D05AD8A88DA8AA8AD88DA8A4369"
209,460158188,460212169,460345230,460314228,460330106,460330108,460345230,460210121,460349326,"decoded_payload_last_chip",1,624.202703,624.383179,136,0.000000,-152.365621,"IEEE 802.15.4z SFD #2",0.866653,1,14,0x6943,0x6943,1,"3D05AD8A88DA8AA8AD88DA8A4369"
210,462369600,462425113,462558174,462527172,462543051,462543052,462558174,462423065,462562270,"decoded_payload_last_chip",1,627.204201,627.384676,136,0.000000,-105.746192,"IEEE 802.15.4z SFD #2",0.866661,1,14,0x6943,0x6943,1,"3D05AD8A88DA8AA8AD88DA8A4369"
211,464547268,464635494,464768555,464737553,464753432,464753433,464768555,464633446,464772651,"decoded_payload_last_chip",1,630.202222,630.382697,136,0.000000,-275.978981,"IEEE 802.15.4z SFD #2",0.866860,1,14,0x6943,0x6943,1,"3D05AD8A88DA8AA8AD88DA8A4369"
212,466793400,466847618,466980679,466949677,466965555,466965557,466980679,466845570,466984775,"decoded_payload_last_chip",1,633.202607,633.383082,136,0.000000,-235.738477,"IEEE 802.15.4z SFD #2",0.866312,1,14,0x6943,0x6943,1,"3D05AD8A88DA8AA8AD88DA8A4369"
213,469007500,469061324,469194385,469163383,469179262,469179263,469194385,469059276,469198481,"decoded_payload_last_chip",1,636.205138,636.385613,136,0.000000,-135.511331,"IEEE 802.15.4z SFD #2",0.866698,1,14,0x6943,0x6943,1,"3D05AD8A88DA8AA8AD88DA8A4369"
214,471217000,471270979,471404040,471373038,471388916,471388918,471404040,471268931,471408136,"decoded_payload_last_chip",1,639.202174,639.382650,136,0.000000,-193.260853,"IEEE 802.15.4z SFD #2",0.866498,1,14,0x6943,0x6943,1,"3D05AD8A88DA8AA8AD88DA8A4369"
215,473429000,473482913,473615974,473584972,473600850,473600852,473615974,473480865,473620070,"decoded_payload_last_chip",1,642.202302,642.382777,136,0.000000,-116.670650,"IEEE 802.15.4z SFD #2",0.867107,1,14,0x6943,0x6943,1,"3D05AD8A88DA8AA8AD88DA8A4369"
216,475641600,475695462,475828523,475797521,475813399,475813401,475828523,475693414,475832619,"decoded_payload_last_chip",1,645.203263,645.383739,136,0.000000,-57.670878,"IEEE 802.15.4z SFD #2",0.866907,1,14,0x6943,0x6943,1,"3D05AD8A88DA8AA8AD88DA8A4369"
217,477853400,477907828,478040889,478009887,478025765,478025767,478040889,477905780,478044985,"decoded_payload_last_chip",1,648.203977,648.384452,136,0.000000,-102.479111,"IEEE 802.15.4z SFD #2",0.866763,1,14,0x6943,0x6943,1,"3D05AD8A88DA8AA8AD88DA8A4369"
218,480064300,480118256,480251317,480220315,480236193,480236195,480251317,480116208,480255413,"decoded_payload_last_chip",1,651.202062,651.382537,136,0.000000,-235.918701,"IEEE 802.15.4z SFD #2",0.866700,1,14,0x6943,0x6943,1,"3D05AD8A88DA8AA8AD88DA8A4369"
219,482275500,482329434,482462495,482431493,482447372,482447373,482462495,482327386,482466591,"decoded_payload_last_chip",1,654.201164,654.381639,136,0.000000,-111.521254,"IEEE 802.15.4z SFD #2",0.866628,1,14,0x6943,0x6943,1,"3D05AD8A88DA8AA8AD88DA8A4369"
220,484488800,484543454,484676515,484645513,484661392,484661393,484676515,484541406,484680611,"decoded_payload_last_chip",1,657.204121,657.384596,136,0.000000,-115.653477,"IEEE 802.15.4z SFD #2",0.866704,1,14,0x6943,0x6943,1,"3D05AD8A88DA8AA8AD88DA8A4369"
221,486672720,486755471,486888532,486857530,486873409,486873410,486888532,486753423,486892628,"decoded_payload_last_chip",1,660.204361,660.384836,136,0.000000,-121.934512,"IEEE 802.15.4z SFD #2",0.866654,1,14,0x6943,0x6943,1,"3D05AD8A88DA8AA8AD88DA8A4369"
222,488907800,488966330,489099392,489068390,489084268,489084269,489099392,488964282,489103488,"decoded_payload_last_chip",1,663.203030,663.383507,136,0.000000,-189.414170,"IEEE 802.15.4z SFD #2",0.866634,1,14,0x6943,0x6943,1,"3D05AD8A88DA8AA8AD88DA8A4369"
223,491136200,491190181,491323242,491292240,491308118,491308120,491323242,491188133,491327338,"decoded_payload_last_chip",1,666.219321,666.399797,136,0.000000,-252.129015,"IEEE 802.15.4z SFD #2",0.866012,1,14,0x6943,0x6943,1,"3D05AD8A88DA8AA8AD88DA8A4369"
224,493331400,493389821,493522883,493491881,493507759,493507761,493522883,493387773,493526979,"decoded_payload_last_chip",1,669.202774,669.383251,136,5.172242,-155.644105,"IEEE 802.15.4z SFD #2",0.821010,1,14,0x6943,0x6943,1,"3D05AD8A88DA8AA8AD88DA8A4369"
225,495540300,495600622,495733683,495702681,495718559,495718561,495733683,495598574,495737779,"decoded_payload_last_chip",1,672.201364,672.381840,136,0.316955,-88.822906,"IEEE 802.15.4z SFD #2",0.864613,1,14,0x6943,0x6943,1,"3D05AD8A88DA8AA8AD88DA8A4369"
226,497757124,497814288,497947349,497916347,497932225,497932227,497947349,497812240,497951445,"decoded_payload_last_chip",1,675.203841,675.384317,136,3.228249,-85.972648,"IEEE 802.15.4z SFD #2",0.837450,1,14,0x6943,0x6943,1,"3D05AD8A88DA8AA8AD88DA8A4369"
227,499979300,500034085,500167146,500136144,500152022,500152024,500167146,500032037,500171242,"decoded_payload_last_chip",1,678.214634,678.395109,136,0.000000,-157.825333,"IEEE 802.15.4z SFD #2",0.866888,1,14,0x6943,0x6943,1,"3D05AD8A88DA8AA8AD88DA8A4369"
228,502182900,502236809,502369870,502338868,502354747,502354748,502369870,502234761,502373966,"decoded_payload_last_chip",1,681.202269,681.382745,136,0.000000,-114.176965,"IEEE 802.15.4z SFD #2",0.866927,1,14,0x6943,0x6943,1,"3D05AD8A88DA8AA8AD88DA8A4369"
229,504394700,504448797,504581858,504550856,504566734,504566736,504581858,504446749,504585954,"decoded_payload_last_chip",1,684.202470,684.382945,136,0.000000,-130.566490,"IEEE 802.15.4z SFD #2",0.867096,1,14,0x6943,0x6943,1,"3D05AD8A88DA8AA8AD88DA8A4369"
230,506607700,506661694,506794755,506763753,506779632,506779633,506794755,506659646,506798851,"decoded_payload_last_chip",1,687.203904,687.384379,136,0.000000,-216.952219,"IEEE 802.15.4z SFD #2",0.865149,1,14,0x6943,0x6943,1,"3D05AD8A88DA8AA8AD88DA8A4369"
231,508819000,508872979,509006041,508975039,508990917,508990918,509006041,508870931,509010137,"decoded_payload_last_chip",1,690.203151,690.383628,136,1.239648,-194.740359,"IEEE 802.15.4z SFD #2",0.857892,1,14,0x6943,0x6943,1,"3D05AD8A88DA8AA8AD88DA8A4369"
232,511023500,511084459,511217520,511186518,511202396,511202397,511217520,511082411,511221616,"decoded_payload_last_chip",1,693.202662,693.383138,136,0.000000,-145.279454,"IEEE 802.15.4z SFD #2",0.867001,1,14,0x6943,0x6943,1,"3D05AD8A88DA8AA8AD88DA8A4369"
233,513244300,513298236,513431298,513400296,513416174,513416175,513431298,513296188,513435394,"decoded_payload_last_chip",1,696.205290,696.385767,136,0.000000,-142.698307,"IEEE 802.15.4z SFD #2",0.866881,1,14,0x6943,0x6943,1,"3D05AD8A88DA8AA8AD88DA8A4369"
234,515454500,515508369,515641431,515610429,515626307,515626308,515641431,515506321,515645527,"decoded_payload_last_chip",1,699.202974,699.383451,136,1.537820,-185.271433,"IEEE 802.15.4z SFD #2",0.855838,1,14,0x6943,0x6943,1,"3D05AD8A88DA8AA8AD88DA8A4369"
235,517645224,517720256,517853317,517822315,517838194,517838195,517853317,517718208,517857413,"decoded_payload_last_chip",1,702.203038,702.383514,136,0.000000,-187.096818,"IEEE 802.15.4z SFD #2",0.866532,1,14,0x6943,0x6943,1,"3D05AD8A88DA8AA8AD88DA8A4369"
236,519878700,519932604,520065665,520034663,520050541,520050543,520065665,519930556,520069761,"decoded_payload_last_chip",1,705.203727,705.384203,136,0.000000,-281.795992,"IEEE 802.15.4z SFD #2",0.866550,1,14,0x6943,0x6943,1,"3D05AD8A88DA8AA8AD88DA8A4369"
237,522103200,522157187,522290249,522259247,522275125,522275127,522290249,522155139,522294345,"decoded_payload_last_chip",1,708.221011,708.401488,136,1.537820,-89.605925,"IEEE 802.15.4z SFD #2",0.855529,1,14,0x6943,0x6943,1,"3D05AD8A88DA8AA8AD88DA8A4369"
238,524300500,524354453,524487514,524456512,524472390,524472392,524487514,524352405,524491610,"decoded_payload_last_chip",1,711.201244,711.381719,136,0.000000,-139.468223,"IEEE 802.15.4z SFD #2",0.867018,1,14,0x6943,0x6943,1,"3D05AD8A88DA8AA8AD88DA8A4369"
239,526513400,526567309,526700370,526669368,526685247,526685248,526700370,526565261,526704466,"decoded_payload_last_chip",1,714.202622,714.383097,136,0.629215,-169.115891,"IEEE 802.15.4z SFD #2",0.862484,1,14,0x6943,0x6943,1,"3D05AD8A88DA8AA8AD88DA8A4369"
240,528725100,528778889,528911950,528880948,528896826,528896828,528911950,528776841,528916046,"decoded_payload_last_chip",1,717.202269,717.382745,136,0.000000,-164.220174,"IEEE 802.15.4z SFD #2",0.866913,1,14,0x6943,0x6943,1,"3D05AD8A88DA8AA8AD88DA8A4369"
241,530935200,530990900,531123961,531092959,531108837,531108839,531123961,530988852,531128057,"decoded_payload_last_chip",1,720.202501,720.382977,136,-0.000000,-94.975915,"IEEE 802.15.4z SFD #2",0.867310,1,14,0x6943,0x6943,1,"3D05AD8A88DA8AA8AD88DA8A4369"
242,533125700,533202888,533335949,533304947,533320825,533320827,533335949,533200840,533340045,"decoded_payload_last_chip",1,723.202702,723.383177,136,0.000000,-158.567627,"IEEE 802.15.4z SFD #2",0.866890,1,14,0x6943,0x6943,1,"3D05AD8A88DA8AA8AD88DA8A4369"
243,535364600,535418539,535551600,535520598,535536476,535536478,535551600,535416491,535555696,"decoded_payload_last_chip",1,726.207871,726.388346,136,1.831297,-147.335079,"IEEE 802.15.4z SFD #2",0.853475,1,14,0x6943,0x6943,1,"3D05AD8A88DA8AA8AD88DA8A4369"
244,537569000,537626302,537759364,537728362,537744240,537744242,537759364,537624254,537763460,"decoded_payload_last_chip",1,729.202341,729.382818,136,2.404165,-160.486290,"IEEE 802.15.4z SFD #2",0.846800,1,14,0x6943,0x6943,1,"3D05AD8A88DA8AA8AD88DA8A4369"
245,539785000,539838963,539972024,539941022,539956901,539956902,539972024,539836915,539976120,"decoded_payload_last_chip",1,732.203455,732.383930,136,0.000000,-208.555213,"IEEE 802.15.4z SFD #2",0.866737,1,14,0x6943,0x6943,1,"3D05AD8A88DA8AA8AD88DA8A4369"
246,541996900,542050898,542183959,542152957,542168835,542168837,542183959,542048850,542188055,"decoded_payload_last_chip",1,735.203583,735.384059,136,0.000000,-168.177587,"IEEE 802.15.4z SFD #2",0.867405,1,14,0x6943,0x6943,1,"3D05AD8A88DA8AA8AD88DA8A4369"
247,544220800,544274719,544407780,544376778,544392656,544392658,544407780,544272671,544411876,"decoded_payload_last_chip",1,738.219834,738.400309,136,1.537820,-100.908212,"IEEE 802.15.4z SFD #2",0.855507,1,14,0x6943,0x6943,1,"3D05AD8A88DA8AA8AD88DA8A4369"
248,546420700,546474719,546607780,546576778,546592657,546592658,546607780,546472671,546611876,"decoded_payload_last_chip",1,741.203775,741.384250,136,0.000000,-119.793155,"IEEE 802.15.4z SFD #2",0.867494,1,14,0x6943,0x6943,1,"3D05AD8A88DA8AA8AD88DA8A4369"
249,548630900,548684947,548818008,548787006,548802884,548802885,548818008,548682899,548822104,"decoded_payload_last_chip",1,744.201588,744.382064,136,0.000000,-181.285065,"IEEE 802.15.4z SFD #2",0.866861,1,14,0x6943,0x6943,1,"3D05AD8A88DA8AA8AD88DA8A4369"
250,550844800,550898772,551031834,551000831,551016710,551016711,551031834,550896724,551035930,"decoded_payload_last_chip",1,747.204281,747.384757,136,3.754160,-164.986583,"IEEE 802.15.4z SFD #2",0.835332,1,14,0x6943,0x6943,1,"3D05AD8A88DA8AA8AD88DA8A4369"
251,553055500,553109388,553242450,553211448,553227326,553227327,553242450,553107340,553246546,"decoded_payload_last_chip",1,750.202620,750.383097,136,-0.000000,-87.646987,"IEEE 802.15.4z SFD #2",0.867416,1,14,0x6943,0x6943,1,"3D05AD8A88DA8AA8AD88DA8A4369"
252,555244980,555320803,555453864,555422862,555438740,555438742,555453864,555318755,555457960,"decoded_payload_last_chip",1,753.202044,753.382520,136,0.000000,-175.508657,"IEEE 802.15.4z SFD #2",0.867040,1,14,0x6943,0x6943,1,"3D05AD8A88DA8AA8AD88DA8A4369"
253,557483600,557537517,557670579,557639576,557655455,557655456,557670579,557535469,557674675,"decoded_payload_last_chip",1,756.208655,756.389132,136,0.316955,-219.367369,"IEEE 802.15.4z SFD #2",0.864885,1,14,0x6943,0x6943,1,"3D05AD8A88DA8AA8AD88DA8A4369"
254,559689000,559745045,559878106,559847104,559862983,559862984,559878106,559742997,559882202,"decoded_payload_last_chip",1,759.202806,759.383282,136,2.120079,-199.234526,"IEEE 802.15.4z SFD #2",0.851640,1,14,0x6943,0x6943,1,"3D05AD8A88DA8AA8AD88DA8A4369"
255,561902800,561956754,562089815,562058813,562074692,562074693,562089815,561954706,562093911,"decoded_payload_last_chip",1,762.202629,762.383104,136,0.000000,-134.849110,"IEEE 802.15.4z SFD #2",0.867560,1,14,0x6943,0x6943,1,"3D05AD8A88DA8AA8AD88DA8A4369"
256,564114300,564168240,564301301,564270299,564286178,564286179,564301301,564166192,564305397,"decoded_payload_last_chip",1,765.202148,765.382624,136,0.316955,-130.010800,"IEEE 802.15.4z SFD #2",0.865236,1,14,0x6943,0x6943,1,"3D05AD8A88DA8AA8AD88DA8A4369"
257,566334800,566388753,566521814,566490812,566506690,566506692,566521814,566386705,566525910,"decoded_payload_last_chip",1,768.213912,768.394387,136,1.239648,-104.838835,"IEEE 802.15.4z SFD #2",0.856597,1,14,0x6943,0x6943,1,"3D05AD8A88DA8AA8AD88DA8A4369"
258,568538800,568592735,568725796,568694794,568710672,568710674,568725796,568590687,568729892,"decoded_payload_last_chip",1,771.203254,771.383729,136,0.000000,-199.190088,"IEEE 802.15.4z SFD #2",0.867680,1,14,0x6943,0x6943,1,"3D05AD8A88DA8AA8AD88DA8A4369"
259,570749300,570803228,570936290,570905287,570921166,570921167,570936290,570801180,570940386,"decoded_payload_last_chip",1,774.201427,774.381904,136,0.000000,-164.441377,"IEEE 802.15.4z SFD #2",0.867975,1,14,0x6943,0x6943,1,"3D05AD8A88DA8AA8AD88DA8A4369"
260,572962600,573016528,573149589,573118587,573134465,573134467,573149589,573014480,573153685,"decoded_payload_last_chip",1,777.203407,777.383883,136,0.629215,-101.672372,"IEEE 802.15.4z SFD #2",0.863141,1,14,0x6943,0x6943,1,"3D05AD8A88DA8AA8AD88DA8A4369"
261,575170116,575228096,575361157,575330155,575346033,575346035,575361157,575226048,575365253,"decoded_payload_last_chip",1,780.203038,780.383514,136,0.000000,-191.021769,"IEEE 802.15.4z SFD #2",0.867871,1,14,0x6943,0x6943,1,"3D05AD8A88DA8AA8AD88DA8A4369"
262,577363472,577440349,577573410,577542408,577558286,577558288,577573410,577438301,577577506,"decoded_payload_last_chip",1,783.203598,783.384074,136,0.000000,-100.240521,"IEEE 802.15.4z SFD #2",0.867694,1,14,0x6943,0x6943,1,"3D05AD8A88DA8AA8AD88DA8A4369"
263,579601100,579655675,579788736,579757734,579773612,579773613,579788736,579653627,579792832,"decoded_payload_last_chip",1,786.208327,786.388802,136,0.000000,-188.244788,"IEEE 802.15.4z SFD #2",0.868080,1,14,0x6943,0x6943,1,"3D05AD8A88DA8AA8AD88DA8A4369"
264,581809900,581863882,581996943,581965941,581981819,581981820,581996943,581861834,582001039,"decoded_payload_last_chip",1,789.203399,789.383875,136,0.000000,-158.380824,"IEEE 802.15.4z SFD #2",0.868030,1,14,0x6943,0x6943,1,"3D05AD8A88DA8AA8AD88DA8A4369"
265,584021336,584075716,584208777,584177775,584193653,584193655,584208777,584073668,584212873,"decoded_payload_last_chip",1,792.203391,792.383866,136,0.000000,-204.916523,"IEEE 802.15.4z SFD #2",0.867560,1,14,0x6943,0x6943,1,"3D05AD8A88DA8AA8AD88DA8A4369"
266,586229500,586287260,586420321,586389319,586405198,586405199,586420321,586285212,586424417,"decoded_payload_last_chip",1,795.202989,795.383465,136,0.000000,-409.173831,"IEEE 802.15.4z SFD #2",0.866939,1,14,0x6943,0x6943,1,"3D05AD8A88DA8AA8AD88DA8A4369"
267,588445800,588507826,588640887,588609885,588625763,588625765,588640887,588505778,588644983,"decoded_payload_last_chip",1,798.214825,798.395300,136,0.000000,-221.767730,"IEEE 802.15.4z SFD #2",0.868590,1,14,0x6943,0x6943,1,"3D05AD8A88DA8AA8AD88DA8A4369"
268,590656000,590710284,590843345,590812343,590828222,590828223,590843345,590708236,590847441,"decoded_payload_last_chip",1,801.202100,801.382575,136,0.000000,-31.492703,"IEEE 802.15.4z SFD #2",0.868183,1,14,0x6943,0x6943,1,"3D05AD8A88DA8AA8AD88DA8A4369"
269,592869900,592923814,593056875,593025873,593041751,593041753,593056875,592921766,593060971,"decoded_payload_last_chip",1,804.204392,804.384867,136,0.000000,-210.522272,"IEEE 802.15.4z SFD #2",0.868153,1,14,0x6943,0x6943,1,"3D05AD8A88DA8AA8AD88DA8A4369"
270,595081300,595135222,595268284,595237282,595253160,595253161,595268284,595133174,595272380,"decoded_payload_last_chip",1,807.203806,807.384283,136,0.000000,-204.585884,"IEEE 802.15.4z SFD #2",0.868484,1,14,0x6943,0x6943,1,"3D05AD8A88DA8AA8AD88DA8A4369"
271,597291100,597347187,597480248,597449246,597465125,597465126,597480248,597345139,597484344,"decoded_payload_last_chip",1,810.203975,810.384451,136,1.239648,-93.813219,"IEEE 802.15.4z SFD #2",0.858677,1,14,0x6943,0x6943,1,"3D05AD8A88DA8AA8AD88DA8A4369"
272,599503800,599557756,599690818,599659816,599675694,599675695,599690818,599555708,599694914,"decoded_payload_last_chip",1,813.202252,813.382728,136,0.000000,-137.387809,"IEEE 802.15.4z SFD #2",0.868760,1,14,0x6943,0x6943,1,"3D05AD8A88DA8AA8AD88DA8A4369"
273,601723100,601777005,601910066,601879064,601894942,601894944,601910066,601774957,601914162,"decoded_payload_last_chip",1,816.212301,816.392776,136,0.000000,-222.479626,"IEEE 802.15.4z SFD #2",0.868474,1,14,0x6943,0x6943,1,"3D05AD8A88DA8AA8AD88DA8A4369"
274,603928700,603982606,604115667,604084665,604100544,604100545,604115667,603980558,604119763,"decoded_payload_last_chip",1,819.203838,819.384314,136,0.000000,-297.365607,"IEEE 802.15.4z SFD #2",0.867859,1,14,0x6943,0x6943,1,"3D05AD8A88DA8AA8AD88DA8A4369"
275,606140052,606194033,606327094,606296092,606311970,606311972,606327094,606191985,606331190,"decoded_payload_last_chip",1,822.203278,822.383754,136,0.936779,-275.474345,"IEEE 802.15.4z SFD #2",0.861846,1,14,0x6943,0x6943,1,"3D05AD8A88DA8AA8AD88DA8A4369"
276,608352400,608406363,608539424,608508422,608524301,608524302,608539424,608404315,608543520,"decoded_payload_last_chip",1,825.203943,825.384418,136,0.629215,-122.636381,"IEEE 802.15.4z SFD #2",0.863769,1,14,0x6943,0x6943,1,"3D05AD8A88DA8AA8AD88DA8A4369"
277,610572100,610626491,610759553,610728550,610744429,610744430,610759553,610624443,610763649,"decoded_payload_last_chip",1,828.215184,828.395661,136,0.000000,-217.677672,"IEEE 802.15.4z SFD #2",0.869002,1,14,0x6943,0x6943,1,"3D05AD8A88DA8AA8AD88DA8A4369"
278,612770300,612828891,612961952,612930950,612946829,612946830,612961952,612826843,612966048,"decoded_payload_last_chip",1,831.202380,831.382856,136,0.629215,-212.952613,"IEEE 802.15.4z SFD #2",0.864558,1,14,0x6943,0x6943,1,"3D05AD8A88DA8AA8AD88DA8A4369"
279,614986600,615040577,615173638,615142636,615158515,615158516,615173638,615038529,615177734,"decoded_payload_last_chip",1,834.202171,834.382647,136,0.000000,-182.525860,"IEEE 802.15.4z SFD #2",0.869231,1,14,0x6943,0x6943,1,"3D05AD8A88DA8AA8AD88DA8A4369"
280,617200100,617254053,617387115,617356113,617371991,617371992,617387115,617252005,617391211,"decoded_payload_last_chip",1,837.204390,837.384867,136,0.000000,-106.587306,"IEEE 802.15.4z SFD #2",0.868522,1,14,0x6943,0x6943,1,"3D05AD8A88DA8AA8AD88DA8A4369"
281,619411900,619465817,619598878,619567876,619583754,619583756,619598878,619463769,619602974,"decoded_payload_last_chip",1,840.204287,840.384763,136,0.000000,-164.686506,"IEEE 802.15.4z SFD #2",0.869017,1,14,0x6943,0x6943,1,"3D05AD8A88DA8AA8AD88DA8A4369"
282,621622800,621676717,621809778,621778776,621794655,621794656,621809778,621674669,621813874,"decoded_payload_last_chip",1,843.203012,843.383488,136,0.000000,-256.378233,"IEEE 802.15.4z SFD #2",0.869131,1,14,0x6943,0x6943,1,"3D05AD8A88DA8AA8AD88DA8A4369"
283,623815244,623895458,624028519,623997517,624013396,624013397,624028519,623893410,624032615,"decoded_payload_last_chip",1,846.212373,846.392848,136,2.120079,-206.756608,"IEEE 802.15.4z SFD #2",0.852940,1,14,0x6943,0x6943,1,"3D05AD8A88DA8AA8AD88DA8A4369"
284,626046200,626100509,626233571,626202568,626218447,626218448,626233571,626098461,626237667,"decoded_payload_last_chip",1,849.203164,849.383641,136,0.000000,-290.054023,"IEEE 802.15.4z SFD #2",0.868891,1,14,0x6943,0x6943,1,"3D05AD8A88DA8AA8AD88DA8A4369"
285,628251800,628311416,628444477,628413475,628429353,628429355,628444477,628309368,628448573,"decoded_payload_last_chip",1,852.201899,852.382374,136,0.000000,-263.666392,"IEEE 802.15.4z SFD #2",0.869318,1,14,0x6943,0x6943,1,"3D05AD8A88DA8AA8AD88DA8A4369"
286,630467900,630524674,630657735,630626733,630642611,630642613,630657735,630522626,630661831,"decoded_payload_last_chip",1,855.203822,855.384298,136,0.000000,-212.343803,"IEEE 802.15.4z SFD #2",0.869412,1,14,0x6943,0x6943,1,"3D05AD8A88DA8AA8AD88DA8A4369"
287,632682100,632736325,632869387,632838384,632854263,632854264,632869387,632734277,632873483,"decoded_payload_last_chip",1,858.203566,858.384043,136,1.537820,-154.012602,"IEEE 802.15.4z SFD #2",0.857741,1,14,0x6943,0x6943,1,"3D05AD8A88DA8AA8AD88DA8A4369"
288,634872576,634947935,635080996,635049994,635065872,635065873,635080996,634945887,635085092,"decoded_payload_last_chip",1,861.203254,861.383729,136,0.000000,-303.152558,"IEEE 802.15.4z SFD #2",0.869346,1,14,0x6943,0x6943,1,"3D05AD8A88DA8AA8AD88DA8A4369"
289,637105800,637159780,637292841,637261839,637277718,637277719,637292841,637157732,637296937,"decoded_payload_last_chip",1,864.203261,864.383736,136,-0.000000,-107.449053,"IEEE 802.15.4z SFD #2",0.869502,1,14,0x6943,0x6943,1,"3D05AD8A88DA8AA8AD88DA8A4369"
290,639312600,639372276,639505337,639474335,639490213,639490215,639505337,639370228,639509433,"decoded_payload_last_chip",1,867.204150,867.384626,136,0.000000,-70.539307,"IEEE 802.15.4z SFD #2",0.869961,1,14,0x6943,0x6943,1,"3D05AD8A88DA8AA8AD88DA8A4369"
291,641527700,641581623,641714684,641683682,641699561,641699562,641714684,641579575,641718780,"decoded_payload_last_chip",1,870.200769,870.381245,136,0.000000,-164.671057,"IEEE 802.15.4z SFD #2",0.869875,1,14,0x6943,0x6943,1,"3D05AD8A88DA8AA8AD88DA8A4369"
292,643741700,643795684,643928746,643897744,643913622,643913623,643928746,643793636,643932842,"decoded_payload_last_chip",1,873.203781,873.384258,136,0.000000,-104.464901,"IEEE 802.15.4z SFD #2",0.869996,1,14,0x6943,0x6943,1,"3D05AD8A88DA8AA8AD88DA8A4369"
293,645962100,646016079,646149140,646118138,646134016,646134018,646149140,646014031,646153236,"decoded_payload_last_chip",1,876.215385,876.395860,136,0.000000,-101.769527,"IEEE 802.15.4z SFD #2",0.869995,1,14,0x6943,0x6943,1,"3D05AD8A88DA8AA8AD88DA8A4369"
294,648165100,648219004,648352065,648321063,648336941,648336943,648352065,648216956,648356161,"decoded_payload_last_chip",1,879.203293,879.383769,136,0.000000,-230.450190,"IEEE 802.15.4z SFD #2",0.869142,1,14,0x6943,0x6943,1,"3D05AD8A88DA8AA8AD88DA8A4369"
295,650376400,650430389,650563450,650532448,650548326,650548328,650563450,650428341,650567546,"decoded_payload_last_chip",1,882.202676,882.383152,136,0.000000,-254.346440,"IEEE 802.15.4z SFD #2",0.869702,1,14,0x6943,0x6943,1,"3D05AD8A88DA8AA8AD88DA8A4369"
296,652589300,652643239,652776301,652745299,652761177,652761179,652776301,652641191,652780397,"decoded_payload_last_chip",1,885.204046,885.384523,136,0.936779,-161.073665,"IEEE 802.15.4z SFD #2",0.863122,1,14,0x6943,0x6943,1,"3D05AD8A88DA8AA8AD88DA8A4369"
297,654791300,654855139,654988200,654957198,654973076,654973078,654988200,654853091,654992296,"decoded_payload_last_chip",1,888.204127,888.384603,136,1.239648,-287.242904,"IEEE 802.15.4z SFD #2",0.860861,1,14,0x6943,0x6943,1,"3D05AD8A88DA8AA8AD88DA8A4369"
298,657008100,657065572,657198633,657167631,657183510,657183511,657198633,657063524,657202729,"decoded_payload_last_chip",1,891.202219,891.382694,136,0.000000,-76.627632,"IEEE 802.15.4z SFD #2",0.870409,1,14,0x6943,0x6943,1,"3D05AD8A88DA8AA8AD88DA8A4369"
299,659223400,659277341,659410402,659379400,659395278,659395280,659410402,659275293,659414498,"decoded_payload_last_chip",1,894.202123,894.382598,136,0.000000,-80.679143,"IEEE 802.15.4z SFD #2",0.870417,1,14,0x6943,0x6943,1,"3D05AD8A88DA8AA8AD88DA8A4369"
300,661436000,661490239,661623300,661592298,661608176,661608177,661623300,661488191,661627396,"decoded_payload_last_chip",1,897.203558,897.384033,136,0.000000,-249.231168,"IEEE 802.15.4z SFD #2",0.870556,1,14,0x6943,0x6943,1,"3D05AD8A88DA8AA8AD88DA8A4369"
301,663625280,663702303,663835364,663804362,663820240,663820242,663835364,663700255,663839460,"decoded_payload_last_chip",1,900.203861,900.384337,136,0.000000,-122.420248,"IEEE 802.15.4z SFD #2",0.870504,1,14,0x6943,0x6943,1,"3D05AD8A88DA8AA8AD88DA8A4369"
302,665859200,665913162,666046224,666015221,666031100,666031101,666046224,665911114,666050320,"decoded_payload_last_chip",1,903.202531,903.383008,136,0.000000,-190.578237,"IEEE 802.15.4z SFD #2",0.870780,1,14,0x6943,0x6943,1,"3D05AD8A88DA8AA8AD88DA8A4369"
303,668081600,668135506,668268567,668237565,668253444,668253445,668268567,668133458,668272663,"decoded_payload_last_chip",1,906.216778,906.397253,136,-0.000000,-77.380929,"IEEE 802.15.4z SFD #2",0.870723,1,14,0x6943,0x6943,1,"3D05AD8A88DA8AA8AD88DA8A4369"
304,670267132,670337374,670470436,670439434,670455312,670455314,670470436,670335326,670474532,"decoded_payload_last_chip",1,909.203252,909.383729,136,1.831297,-198.292044,"IEEE 802.15.4z SFD #2",0.856087,1,14,0x6943,0x6943,1,"3D05AD8A88DA8AA8AD88DA8A4369"
305,672495200,672549196,672682257,672651255,672667134,672667135,672682257,672547148,672686353,"decoded_payload_last_chip",1,912.203228,912.383704,136,0.000000,-100.738451,"IEEE 802.15.4z SFD #2",0.870791,1,14,0x6943,0x6943,1,"3D05AD8A88DA8AA8AD88DA8A4369"
306,674707300,674761225,674894287,674863284,674879163,674879164,674894287,674759177,674898383,"decoded_payload_last_chip",1,915.203484,915.383961,136,-0.000000,-162.864932,"IEEE 802.15.4z SFD #2",0.871125,1,14,0x6943,0x6943,1,"3D05AD8A88DA8AA8AD88DA8A4369"
307,676909800,676972900,677105961,677074959,677090838,677090839,677105961,676970852,677110057,"decoded_payload_last_chip",1,918.203261,918.383736,136,0.000000,-299.858890,"IEEE 802.15.4z SFD #2",0.870329,1,14,0x6943,0x6943,1,"3D05AD8A88DA8AA8AD88DA8A4369"
308,679129360,679185030,679318091,679287089,679302967,679302969,679318091,679182982,679322187,"decoded_payload_last_chip",1,921.203654,921.384130,136,0.629215,12.436064,"IEEE 802.15.4z SFD #2",0.865107,1,14,0x6943,0x6943,1,"3D05AD8A88DA8AA8AD88DA8A4369"
309,681308904,681395989,681529050,681498048,681513927,681513928,681529050,681393941,681533146,"decoded_payload_last_chip",1,924.202459,924.382935,136,0.000000,-200.528461,"IEEE 802.15.4z SFD #2",0.871321,1,14,0x6943,0x6943,1,"3D05AD8A88DA8AA8AD88DA8A4369"
310,683554200,683608160,683741221,683710219,683726098,683726099,683741221,683606112,683745317,"decoded_payload_last_chip",1,927.202908,927.383384,136,0.000000,-212.813589,"IEEE 802.15.4z SFD #2",0.869579,1,14,0x6943,0x6943,1,"3D05AD8A88DA8AA8AD88DA8A4369"
311,685764800,685820538,685953599,685922597,685938475,685938477,685953599,685818490,685957695,"decoded_payload_last_chip",1,930.203638,930.384113,136,0.000000,-274.166143,"IEEE 802.15.4z SFD #2",0.870956,1,14,0x6943,0x6943,1,"3D05AD8A88DA8AA8AD88DA8A4369"
312,687959564,688031503,688164565,688133563,688149441,688149443,688164565,688029455,688168661,"decoded_payload_last_chip",1,933.202451,933.382928,136,0.936779,-99.021184,"IEEE 802.15.4z SFD #2",0.864229,1,14,0x6943,0x6943,1,"3D05AD8A88DA8AA8AD88DA8A4369"
313,690200300,690254284,690387346,690356344,690372222,690372224,690387346,690252236,690391442,"decoded_payload_last_chip",1,936.217291,936.397767,136,1.239648,-257.871714,"IEEE 802.15.4z SFD #2",0.862144,1,14,0x6943,0x6943,1,"3D05AD8A88DA8AA8AD88DA8A4369"
314,692384400,692455797,692588859,692557856,692573735,692573736,692588859,692453749,692592955,"decoded_payload_last_chip",1,939.203284,939.383761,136,0.000000,-184.598630,"IEEE 802.15.4z SFD #2",0.871627,1,14,0x6943,0x6943,1,"3D05AD8A88DA8AA8AD88DA8A4369"
315,694613300,694667372,694800433,694769431,694785309,694785311,694800433,694665324,694804529,"decoded_payload_last_chip",1,942.202924,942.383400,136,0.000000,-92.842546,"IEEE 802.15.4z SFD #2",0.871529,1,14,0x6943,0x6943,1,"3D05AD8A88DA8AA8AD88DA8A4369"
316,696824800,696878662,697011723,696980721,696996599,696996601,697011723,696876614,697015819,"decoded_payload_last_chip",1,945.202178,945.382654,136,0.000000,-238.171262,"IEEE 802.15.4z SFD #2",0.871732,1,14,0x6943,0x6943,1,"3D05AD8A88DA8AA8AD88DA8A4369"
317,699038300,699092262,699225324,699194321,699210200,699210201,699225324,699090214,699229420,"decoded_payload_last_chip",1,948.204565,948.385042,136,0.694954,-225.089573,"IEEE 802.15.4z SFD #2",0.866709,1,14,0x6943,0x6943,1,"3D05AD8A88DA8AA8AD88DA8A4369"
318,701247100,701302892,701435953,701404951,701420829,701420830,701435953,701300844,701440049,"decoded_payload_last_chip",1,951.202924,951.383400,136,0.000000,-219.728217,"IEEE 802.15.4z SFD #2",0.872195,1,14,0x6943,0x6943,1,"3D05AD8A88DA8AA8AD88DA8A4369"
319,703460900,703514803,703647864,703616862,703632740,703632741,703647864,703512755,703651960,"decoded_payload_last_chip",1,954.203021,954.383496,136,0.000000,-290.134730,"IEEE 802.15.4z SFD #2",0.871783,1,14,0x6943,0x6943,1,"3D05AD8A88DA8AA8AD88DA8A4369"
320,705671672,705727794,705860856,705829853,705845732,705845733,705860856,705725746,705864952,"decoded_payload_last_chip",1,957.204582,957.385059,136,0.000000,-263.353550,"IEEE 802.15.4z SFD #2",0.870507,1,14,0x6943,0x6943,1,"3D05AD8A88DA8AA8AD88DA8A4369"
321,707880200,707938524,708071585,708040583,708056461,708056463,708071585,707936476,708075681,"decoded_payload_last_chip",1,960.203076,960.383552,136,0.000000,-188.372227,"IEEE 802.15.4z SFD #2",0.872059,1,14,0x6943,0x6943,1,"3D05AD8A88DA8AA8AD88DA8A4369"
322,710096400,710150842,710283904,710252901,710268780,710268781,710283904,710148794,710288000,"decoded_payload_last_chip",1,963.203725,963.384201,136,0.000000,-174.019994,"IEEE 802.15.4z SFD #2",0.872209,1,14,0x6943,0x6943,1,"3D05AD8A88DA8AA8AD88DA8A4369"
323,712315000,712369535,712502597,712471595,712487473,712487474,712502597,712367487,712506693,"decoded_payload_last_chip",1,966.213019,966.393496,136,0.629215,-155.279121,"IEEE 802.15.4z SFD #2",0.867530,1,14,0x6943,0x6943,1,"3D05AD8A88DA8AA8AD88DA8A4369"
324,714519600,714574103,714707164,714676162,714692040,714692042,714707164,714572055,714711260,"decoded_payload_last_chip",1,969.203156,969.383632,136,0.000000,-58.594470,"IEEE 802.15.4z SFD #2",0.872405,1,14,0x6943,0x6943,1,"3D05AD8A88DA8AA8AD88DA8A4369"
325,716732000,716786840,716919902,716888899,716904778,716904779,716919902,716784792,716923998,"decoded_payload_last_chip",1,972.204373,972.384850,136,0.000000,-189.660820,"IEEE 802.15.4z SFD #2",0.872241,1,14,0x6943,0x6943,1,"3D05AD8A88DA8AA8AD88DA8A4369"
326,718943900,718997853,719130915,719099913,719115791,719115792,719130915,718995805,719135011,"decoded_payload_last_chip",1,975.203251,975.383728,136,-0.000000,-151.527718,"IEEE 802.15.4z SFD #2",0.872474,1,14,0x6943,0x6943,1,"3D05AD8A88DA8AA8AD88DA8A4369"
327,721161900,721217184,721350246,721319244,721335122,721335124,721350246,721215136,721354342,"decoded_payload_last_chip",1,978.213411,978.393888,136,4.010072,-148.415610,"IEEE 802.15.4z SFD #2",0.840608,1,14,0x6943,0x6943,1,"3D05AD8A88DA8AA8AD88DA8A4369"
328,723247700,723420665,723553727,723522725,723538603,723538604,723553727,723418617,723557823,"decoded_payload_last_chip",1,981.202074,981.382551,136,0.936779,-196.850373,"IEEE 802.15.4z SFD #2",0.865781,1,14,0x6943,0x6943,1,"3D05AD8A88DA8AA8AD88DA8A4369"
329,725575692,725633019,725766080,725735078,725750956,725750958,725766080,725630971,725770176,"decoded_payload_last_chip",1,984.202771,984.383247,136,0.000000,-280.821609,"IEEE 802.15.4z SFD #2",0.872727,1,14,0x6943,0x6943,1,"3D05AD8A88DA8AA8AD88DA8A4369"
330,727778400,727847157,727980219,727949217,727965095,727965096,727980219,727845109,727984315,"decoded_payload_last_chip",1,987.205888,987.386365,136,0.936779,-180.570053,"IEEE 802.15.4z SFD #2",0.865701,1,14,0x6943,0x6943,1,"3D05AD8A88DA8AA8AD88DA8A4369"
331,730003200,730057160,730190221,730159219,730175098,730175099,730190221,730055112,730194317,"decoded_payload_last_chip",1,990.203396,990.383872,136,1.239648,-236.273526,"IEEE 802.15.4z SFD #2",0.863132,1,14,0x6943,0x6943,1,"3D05AD8A88DA8AA8AD88DA8A4369"
332,732214100,732268037,732401099,732370097,732385975,732385977,732401099,732265989,732405195,"decoded_payload_last_chip",1,993.202090,993.382567,136,3.754160,-101.606131,"IEEE 802.15.4z SFD #2",0.841511,1,14,0x6943,0x6943,1,"3D05AD8A88DA8AA8AD88DA8A4369"
333,734434800,734488650,734621712,734590709,734606588,734606589,734621712,734486602,734625808,"decoded_payload_last_chip",1,996.213989,996.394466,136,2.120079,-239.805743,"IEEE 802.15.4z SFD #2",0.856642,1,14,0x6943,0x6943,1,"3D05AD8A88DA8AA8AD88DA8A4369"
334,736638200,736692030,736825091,736794089,736809968,736809969,736825091,736689982,736829187,"decoded_payload_last_chip",1,999.202515,999.382990,136,0.629215,-138.979225,"IEEE 802.15.4z SFD #2",0.867956,1,14,0x6943,0x6943,1,"3D05AD8A88DA8AA8AD88DA8A4369"
