index,time_ms,ok,n_pre_bins,fp_delay_ns,fp_idx,P_signal,P_interf_mean,P_interf_max,sir_db,sir_peak_db,prepath_floor_db,fcs_pass
1,2.376644,1,14,1.001603,17,3.838505e-01,8.182883e-06,9.756396e-05,46.7126,35.9487,-46.7126,1
2,7.379698,1,14,1.001603,17,3.166119e-01,1.968161e-04,4.961071e-04,32.0647,28.0495,-32.0647,1
3,17.379698,1,14,1.001603,17,3.988572e-01,2.747104e-05,3.692081e-04,41.6194,30.3355,-41.6194,1
4,22.244063,1,14,1.001603,17,2.763645e-01,3.259868e-06,1.178775e-05,49.2828,43.7005,-49.2828,1
5,27.515332,1,14,1.001603,17,3.960849e-01,2.511663e-04,6.790865e-04,31.9783,27.6586,-31.9783,1
6,32.515332,1,14,1.001603,17,3.795068e-01,1.067672e-04,4.023508e-04,35.5078,29.7461,-35.5078,0
7,37.515331,1,14,1.001603,17,2.285020e-01,1.157828e-06,5.240753e-06,52.9525,46.3950,-52.9525,1
8,42.379698,1,14,1.001603,17,3.595429e-01,3.651749e-06,2.936289e-05,49.9325,40.8795,-49.9325,1
9,47.515331,1,14,1.001603,17,3.163668e-01,1.258924e-04,4.092942e-04,34.0019,28.8816,-34.0019,1
10,52.515331,1,14,1.001603,17,3.567391e-01,1.423571e-04,2.792663e-04,33.9897,31.0633,-33.9897,1
11,57.379698,1,14,1.001603,17,2.237251e-01,1.089836e-06,6.050621e-06,53.1235,45.6791,-53.1235,1
12,62.379697,1,14,1.001603,17,2.679939e-01,2.173452e-06,7.560789e-06,50.9097,45.4956,-50.9097,1
13,67.379698,1,14,1.001603,17,3.153987e-01,1.730106e-04,4.187285e-04,32.6079,28.7693,-32.6079,1
14,72.515332,1,14,1.001603,17,2.727449e-01,1.649915e-05,1.053304e-04,42.1830,34.1320,-42.1830,1
15,77.515332,1,14,1.001603,17,3.130578e-01,1.361148e-06,5.220791e-06,53.6172,47.7789,-53.6172,1
16,82.244065,1,14,1.001603,17,2.642782e-01,2.763161e-06,8.227918e-06,49.8066,45.0677,-49.8066,1
17,87.515332,1,14,1.001603,17,3.773279e-01,8.965932e-05,3.595092e-04,36.2412,30.2101,-36.2412,1
18,92.244063,1,14,1.001603,17,3.515325e-01,2.709385e-06,1.726406e-05,51.1309,43.0882,-51.1309,1
19,97.379698,1,14,1.001603,17,3.078820e-01,1.320523e-06,5.368406e-06,53.6764,47.5854,-53.6764,1
20,102.379698,1,14,1.001603,17,3.569163e-01,5.380937e-05,3.112444e-04,38.2171,30.5946,-38.2171,1
21,107.244065,1,14,1.001603,17,2.118825e-01,3.782214e-06,1.341621e-05,47.4835,41.9847,-47.4835,1
22,112.244065,1,14,1.001603,17,2.587414e-01,1.244440e-06,4.668482e-06,53.1789,47.4369,-53.1789,1
23,117.379697,1,14,1.001603,17,2.118106e-01,1.145244e-06,6.348076e-06,52.6705,45.2331,-52.6705,1
24,122.379698,1,14,1.001603,17,2.627658e-01,1.195545e-04,5.472426e-04,33.4200,26.8139,-33.4200,1
25,127.244065,1,14,1.001603,17,3.920035e-01,2.618414e-04,1.637982e-03,31.7525,23.7898,-31.7525,0
26,132.379697,1,14,1.001603,17,3.452652e-01,1.949064e-06,1.294882e-05,52.4833,44.2592,-52.4833,1
27,137.379698,1,14,1.001603,17,3.831357e-01,1.031383e-05,1.089247e-04,45.6993,35.4623,-45.6993,1
28,142.515332,1,14,1.001603,17,3.537092e-01,2.055875e-04,6.042384e-04,32.3565,27.6744,-32.3565,0
29,147.379697,1,14,1.001603,17,2.029739e-01,1.259468e-04,5.279748e-04,32.0725,25.8483,-32.0725,0
30,152.244063,1,14,1.001603,17,3.419850e-01,1.872093e-06,1.183341e-05,52.6168,44.6090,-52.6168,1
31,157.379697,1,14,1.001603,17,2.977661e-01,1.450829e-06,5.080253e-06,53.1226,47.6799,-53.1226,1
32,162.379697,1,14,1.001603,17,3.377766e-01,1.055460e-04,4.190030e-04,35.0519,29.0641,-35.0519,1
33,167.515331,1,14,1.001603,17,2.938706e-01,1.357826e-04,5.280083e-04,33.3531,27.4552,-33.3531,0
34,172.515331,1,14,1.001603,17,3.388738e-01,1.777387e-06,1.063041e-05,52.8026,45.0349,-52.8026,1
35,177.379698,1,14,1.001603,17,2.012693e-01,4.146899e-06,1.334826e-05,46.8605,41.7835,-46.8605,1
36,182.379697,1,14,1.001603,17,2.329290e-01,1.941393e-04,3.644773e-04,30.7911,28.0555,-30.7911,1
37,187.379698,1,14,1.001603,17,2.937074e-01,6.287606e-05,2.152459e-04,36.6943,31.3498,-36.6943,1
38,192.379698,1,14,1.001603,17,3.331186e-01,1.765791e-06,9.549117e-06,52.7566,45.4264,-52.7566,1
39,197.379698,1,14,1.001603,17,3.695007e-01,2.564559e-05,7.914859e-05,41.5860,36.6917,-41.5860,1
40,202.244065,1,14,1.001603,17,2.322485e-01,1.898141e-04,3.471774e-04,30.8762,28.2540,-30.8762,1
41,207.379698,1,14,1.001603,17,2.135746e-01,1.280783e-05,4.183618e-05,42.2207,37.0800,-42.2207,1
42,212.244063,1,14,1.001603,17,3.290806e-01,1.547147e-06,7.492504e-06,53.2777,46.4268,-53.2777,1
43,217.379697,1,14,1.001603,17,2.830336e-01,5.442575e-05,1.853210e-04,37.1603,31.8391,-37.1603,1
44,222.379697,1,14,1.001603,17,3.256980e-01,1.177330e-04,4.710288e-04,34.4192,28.3977,-34.4192,1
45,227.379698,1,14,1.001603,17,3.651886e-01,6.870246e-06,4.963855e-05,47.2554,38.6670,-47.2554,1
46,232.244063,1,14,1.001603,17,2.328216e-01,1.144099e-06,5.385697e-06,53.0856,46.3578,-53.0856,1
47,237.244065,1,14,1.001603,17,2.807258e-01,1.330856e-04,3.859997e-04,33.2415,28.6170,-33.2415,1
48,242.379697,1,14,1.001603,17,2.427400e-01,8.867285e-05,3.191979e-04,34.3735,28.8108,-34.3735,0
49,247.379698,1,14,1.001603,17,2.745138e-01,1.227369e-06,4.699022e-06,53.4959,47.6656,-53.4959,1
50,252.379697,1,14,1.001603,17,3.195657e-01,1.173677e-06,4.020020e-06,54.3501,49.0033,-54.3501,1
51,257.379698,1,14,1.001603,17,3.592150e-01,1.060931e-04,3.873620e-04,35.2967,29.6724,-35.2967,1
52,262.379698,1,14,1.001603,17,3.944512e-01,2.776381e-04,1.664859e-03,31.5251,23.7462,-31.5251,0
53,267.244063,1,14,1.001603,17,2.689816e-01,1.289052e-06,4.868161e-06,53.1945,47.4236,-53.1945,1
54,272.379698,1,14,1.001603,17,2.207958e-01,1.303733e-06,5.047539e-06,52.2880,46.4091,-52.2880,1
55,277.244063,1,14,1.001603,17,3.489556e-01,2.027730e-04,4.906257e-04,32.3576,28.5202,-32.3576,1
56,282.244065,1,14,1.001603,17,4.010846e-01,1.614890e-04,1.023671e-03,33.9509,25.9308,-33.9509,0
57,287.515332,1,14,1.001603,17,2.623735e-01,1.245093e-06,4.912536e-06,53.2372,47.2761,-53.2372,1
58,292.379698,1,14,1.001603,17,3.858169e-01,1.241673e-05,1.331579e-04,44.9237,34.6201,-44.9237,1
59,297.515332,1,14,1.001603,17,3.406846e-01,4.929371e-06,1.277915e-05,48.3956,44.2585,-48.3956,1
60,302.379697,1,14,1.001603,17,2.091353e-01,6.186794e-06,2.006340e-05,45.2896,40.1802,-45.2896,1
61,307.379697,1,14,1.001603,17,2.560804e-01,1.153275e-06,4.636824e-06,53.4644,47.4216,-53.4644,1
62,312.379698,1,14,1.001603,17,3.016397e-01,3.598774e-06,1.302113e-05,49.2333,43.6484,-49.2333,1
63,317.379698,1,14,1.001603,17,3.408356e-01,2.086502e-04,5.268231e-04,32.1313,28.1088,-32.1313,1
64,322.515332,1,14,1.001603,17,2.970054e-01,1.031160e-04,2.108498e-04,34.5944,31.4879,-34.5944,0
65,327.244063,1,14,1.001603,17,2.519156e-01,1.235411e-06,5.503131e-06,53.0944,46.6065,-53.0944,1
66,332.379698,1,14,1.001603,17,2.075119e-01,2.077182e-05,1.712589e-04,39.9957,30.8339,-39.9957,1
67,337.244063,1,14,1.001603,17,3.443274e-01,1.927855e-04,5.533393e-04,32.5190,27.9398,-32.5190,0
68,342.244065,1,14,1.001603,17,3.774704e-01,4.633057e-06,4.687449e-05,49.1102,39.0595,-49.1102,1
69,347.515332,1,14,1.001603,17,2.495482e-01,1.113348e-06,4.248955e-06,53.5052,47.6887,-53.5052,1
70,352.379697,1,14,1.001603,17,3.663170e-01,6.423461e-05,2.013340e-04,37.5609,32.5994,-37.5609,1
71,357.515332,1,14,1.001603,17,3.337761e-01,2.333919e-04,4.715358e-04,31.5537,28.4994,-31.5537,1
72,362.379697,1,14,1.001603,17,2.004968e-01,1.222836e-06,6.390649e-06,52.1474,44.9656,-52.1474,1
73,367.379698,1,14,1.001603,17,2.470281e-01,1.196887e-06,5.124117e-06,53.1469,46.8313,-53.1469,1
74,372.379698,1,14,1.001603,17,2.934856e-01,1.147863e-04,4.197208e-04,34.0770,28.4463,-34.0770,1
75,382.379697,1,14,1.001603,17,3.726570e-01,3.659141e-06,3.687802e-05,50.0793,40.0454,-50.0793,1
76,387.515331,1,14,1.001603,17,3.341110e-01,1.882242e-06,9.722156e-06,52.4922,45.3613,-52.4922,1
77,392.379698,1,14,1.001603,17,1.854085e-01,1.983413e-04,5.111305e-04,29.7072,25.5960,-29.7072,1
78,397.244065,1,14,1.001603,17,3.309743e-01,3.166116e-05,2.477606e-04,40.1927,31.2576,-40.1927,0
79,402.244063,1,14,1.001603,17,3.692275e-01,3.451480e-06,3.317278e-05,50.2929,40.4651,-50.2929,1
80,407.379698,1,14,1.001603,17,3.298471e-01,1.703032e-06,8.438727e-06,52.8709,45.9204,-52.8709,1
81,412.244063,1,14,1.001603,17,1.001457e-01,1.984127e-04,3.491452e-04,27.0306,24.5763,-27.0306,1
82,417.379698,1,14,1.001603,17,2.506079e-01,1.044368e-04,3.924667e-04,33.8014,28.0519,-33.8014,0
83,422.379697,1,14,1.001603,17,1.909671e-01,1.067449e-06,6.240479e-06,52.5261,44.8574,-52.5261,1
84,427.379697,1,14,1.001603,17,2.356008e-01,2.467525e-06,8.858331e-06,49.7992,44.2482,-49.7992,1
85,432.379698,1,14,1.001603,17,2.804115e-01,1.751277e-04,4.334507e-04,32.0444,28.1086,-32.0444,1
86,437.244065,1,14,1.001603,17,2.603572e-01,1.758838e-04,4.005453e-04,31.7034,28.1292,-31.7034,0
87,442.379698,1,14,1.001603,17,3.644712e-01,3.170036e-06,2.831733e-05,50.6060,41.0961,-50.6060,1
88,447.244065,1,14,1.001603,17,2.336819e-01,1.009750e-05,3.145281e-05,43.6441,38.7097,-43.6441,1
89,452.515331,1,14,1.001603,17,3.508857e-01,1.145595e-04,3.831346e-04,34.8613,29.6181,-34.8613,1
90,457.379697,1,14,1.001603,17,2.312195e-01,1.629537e-06,8.546810e-06,51.5196,44.3222,-51.5196,1
91,462.379697,1,14,1.001603,17,2.792542e-01,1.313938e-06,4.934108e-06,53.2742,47.5279,-53.2742,1
92,467.379698,1,14,1.001603,17,3.194758e-01,7.148271e-05,1.977932e-04,36.5024,32.0823,-36.5024,1
93,472.379697,1,14,1.001603,17,3.600635e-01,9.872452e-05,4.123334e-04,35.6195,29.4113,-35.6195,1
94,477.244065,1,14,1.001603,17,2.275938e-01,4.676903e-06,1.446921e-05,46.8720,41.9672,-46.8720,1
95,482.244065,1,14,1.001603,17,2.724943e-01,1.218594e-06,4.500046e-06,53.4950,47.8214,-53.4950,1
96,487.379698,1,14,1.001603,17,2.250821e-01,1.199312e-05,2.921477e-05,42.7341,38.8674,-42.7341,1
97,492.379698,1,14,1.001603,17,2.546061e-01,8.136775e-05,3.863679e-04,34.9542,28.1887,-34.9542,1
98,497.379698,1,14,1.001603,17,3.127452e-01,1.361909e-06,5.488852e-06,53.6104,47.5571,-53.6104,1
99,502.379697,1,14,1.001603,17,3.527564e-01,2.266715e-06,1.726050e-05,51.9208,43.1042,-51.9208,1
100,507.244063,1,14,1.001603,17,2.249078e-01,1.851478e-06,1.090551e-05,50.8449,43.1436,-50.8449,1
101,517.244065,1,14,1.001603,17,3.072921e-01,1.342778e-06,5.052910e-06,53.5955,47.8401,-53.5955,1
102,522.379698,1,14,1.001603,17,2.591016e-01,1.660071e-06,6.199222e-06,51.9334,46.2113,-51.9334,1
103,527.379698,1,14,1.001603,17,2.986484e-01,4.141265e-05,3.768171e-04,38.5803,28.9903,-38.5803,1
104,537.515332,1,14,1.001603,17,2.988666e-01,1.341893e-06,4.866730e-06,53.4776,47.8824,-53.4776,1
105,542.244063,1,14,1.001603,17,2.508438e-01,2.913920e-06,1.104211e-05,49.3493,43.5635,-49.3493,1
106,547.379698,1,14,1.001603,17,1.999313e-01,1.072891e-04,3.922156e-04,32.7033,27.0736,-32.7033,1
107,552.379698,1,14,1.001603,17,2.454869e-01,1.270703e-04,4.636455e-04,32.8598,27.2384,-32.8598,0
108,557.379697,1,14,1.001603,17,2.917505e-01,1.327874e-06,4.505523e-06,53.4185,48.1127,-53.4185,1
109,562.379698,1,14,1.001603,17,3.330081e-01,3.154347e-06,1.096089e-05,50.2355,44.8261,-50.2355,1
110,567.379697,1,14,1.001603,17,3.701755e-01,3.183862e-06,2.053401e-05,50.6545,42.5593,-50.6545,1
111,572.515331,1,14,1.001603,17,3.283598e-01,6.223797e-05,2.587539e-04,37.2229,31.0346,-37.2229,0
112,577.379698,1,14,1.001603,17,1.906778e-01,1.070771e-06,6.389543e-06,52.5060,44.7483,-52.5060,1
113,582.379697,1,14,1.001603,17,2.328427e-01,2.856239e-05,7.086388e-05,39.1127,35.1664,-39.1127,1
114,587.244063,1,14,1.001603,17,3.604676e-01,8.832205e-05,4.615341e-04,36.1080,28.9266,-36.1080,1
115,592.515331,1,14,1.001603,17,2.279989e-01,1.331953e-05,5.634736e-05,42.3344,36.0706,-42.3344,1
116,597.379698,1,14,1.001603,17,3.618563e-01,2.851975e-06,2.521797e-05,51.0339,41.5683,-51.0339,1
117,602.379698,1,14,1.001603,17,3.981006e-01,1.944080e-05,2.384644e-04,43.1128,32.2257,-43.1128,1
118,607.244063,1,14,1.001603,17,2.745243e-01,1.866530e-06,7.258643e-06,51.6755,45.7773,-51.6755,1
119,612.379697,1,14,1.001603,17,2.271269e-01,2.412929e-06,1.432619e-05,49.7372,42.0014,-49.7372,1
120,617.379697,1,14,1.001603,17,2.718988e-01,1.212505e-06,4.240386e-06,53.5072,48.0700,-53.5072,1
121,622.379697,1,14,1.001603,17,3.219952e-01,4.706121e-05,2.886089e-04,38.3519,30.4754,-38.3519,1
122,627.379697,1,14,1.001603,17,3.500032e-01,1.680208e-04,4.429736e-04,33.1871,28.9769,-33.1871,1
123,632.379698,1,14,1.001603,17,3.913035e-01,1.531556e-05,1.991074e-04,44.0738,32.9343,-44.0738,1
124,637.515332,1,14,1.001603,17,3.513659e-01,2.317958e-06,1.683487e-05,51.8065,43.1955,-51.8065,1
125,642.244065,1,14,1.001603,17,3.164766e-01,2.360260e-04,4.503319e-04,31.2738,28.4681,-31.2738,1
126,647.379698,1,14,1.001603,17,2.579632e-01,2.670192e-04,7.962911e-04,29.8502,25.1049,-29.8502,0
127,652.515332,1,14,1.001603,17,2.122758e-01,1.117316e-06,5.806131e-06,52.7872,45.6301,-52.7872,1
128,657.379698,1,14,1.001603,17,3.459423e-01,1.892474e-06,1.215615e-05,52.6197,44.5421,-52.6197,1
129,662.244063,1,14,1.001603,17,2.083671e-01,5.901884e-05,2.259657e-04,35.4784,29.6479,-35.4784,1
130,667.379698,1,14,1.001603,17,2.815360e-01,1.179691e-04,4.919095e-04,33.7777,27.5765,-33.7777,0
131,672.379697,1,14,1.001603,17,2.085751e-01,1.155047e-06,5.827538e-06,52.5666,45.5378,-52.5666,1
132,677.379697,1,14,1.001603,17,2.551965e-01,2.300791e-06,7.671316e-06,50.4500,45.2200,-50.4500,1
133,682.379698,1,14,1.001603,17,3.002834e-01,2.062410e-04,4.876912e-04,31.6316,27.8939,-31.6316,1
134,687.379697,1,14,1.001603,17,3.386279e-01,3.916628e-05,2.437436e-04,39.3681,31.4279,-39.3681,0
135,692.379697,1,14,1.001603,17,3.770500e-01,4.187174e-06,4.385716e-05,49.5448,39.3436,-49.5448,1
136,697.244065,1,14,1.001603,17,2.508655e-01,1.087627e-05,2.532463e-05,43.6296,39.9590,-43.6296,1
137,702.515331,1,14,1.001603,17,3.742157e-01,1.348466e-04,4.133052e-04,34.4328,29.5685,-34.4328,1
138,707.244065,1,14,1.001603,17,3.363239e-01,9.926575e-05,2.091230e-04,35.2996,32.0636,-35.2996,1
139,712.379697,1,14,1.001603,17,2.912963e-01,1.335102e-06,5.016046e-06,53.3882,47.6397,-53.3882,1
140,717.379697,1,14,1.001603,17,3.338480e-01,2.706804e-05,1.207741e-04,40.9109,34.4157,-40.9109,1
141,722.379698,1,14,1.001603,17,3.674156e-01,4.535274e-05,3.773316e-04,39.0855,29.8843,-39.0855,1
142,727.244065,1,14,1.001603,17,2.440774e-01,1.860662e-06,1.213198e-05,51.1786,43.0360,-51.1786,1
143,732.244065,1,14,1.001603,17,2.868327e-01,1.272216e-06,4.907307e-06,53.5307,47.6679,-53.5307,1
144,737.379697,1,14,1.001603,17,2.446892e-01,6.867735e-05,2.575049e-04,35.5180,29.7783,-35.5180,1
145,742.244065,1,14,1.001603,17,3.728923e-01,9.295389e-06,3.323283e-05,46.0332,40.5002,-46.0332,1
146,747.379697,1,14,1.001603,17,3.272728e-01,1.479340e-06,7.154743e-06,53.4484,46.6032,-53.4484,1
147,752.379698,1,14,1.001603,17,3.647571e-01,3.070365e-06,2.837261e-05,50.7481,41.0910,-50.7481,1
148,757.244065,1,14,1.001603,17,2.331837e-01,1.879282e-04,4.942641e-04,30.9371,26.7374,-30.9371,0
149,762.379694,1,14,1.001603,17,1.028121e-01,9.430669e-06,3.062769e-05,40.3750,35.2593,-40.3750,0
150,767.244063,1,14,1.001603,17,3.200117e-01,1.500303e-06,6.770891e-06,53.2899,46.7452,-53.2899,1
151,772.379697,1,14,1.001603,17,2.718077e-01,1.702178e-06,5.235286e-06,52.0326,47.1532,-52.0326,1
152,777.515331,1,14,1.001603,17,2.264805e-01,7.445861e-05,3.535870e-04,34.8312,28.0653,-34.8312,1
153,782.244063,1,14,1.001603,17,2.045827e-01,1.491449e-04,9.592798e-04,31.3726,23.2892,-31.3726,0
154,787.515331,1,14,1.001603,17,3.128047e-01,1.327442e-06,5.114939e-06,53.7226,47.8643,-53.7226,1
155,792.244065,1,14,1.001603,17,2.662225e-01,2.472682e-06,1.210205e-05,50.3208,43.4239,-50.3208,1
156,797.379698,1,14,1.001603,17,2.183573e-01,1.192776e-04,4.981516e-04,32.6261,26.4181,-32.6261,1
157,802.515332,1,14,1.001603,17,3.267185e-01,9.961594e-05,4.598762e-04,35.1584,28.5153,-35.1584,0
158,807.379697,1,14,1.001603,17,3.085262e-01,1.380170e-06,5.008545e-06,53.4936,47.8958,-53.4936,1
159,812.379697,1,14,1.001603,17,3.486153e-01,2.643198e-06,1.127363e-05,51.2022,44.9028,-51.2022,1
160,817.379698,1,14,1.001603,17,3.852311e-01,1.549761e-04,3.697515e-04,33.9546,30.1781,-33.9546,1
161,822.515332,1,14,1.001603,17,3.451918e-01,1.233505e-04,3.281462e-04,34.4692,30.2199,-34.4692,1
162,827.379698,1,14,1.001603,17,2.096862e-01,1.154446e-06,6.163642e-06,52.5920,45.3173,-52.5920,1
163,832.379698,1,14,1.001603,17,2.535948e-01,1.431578e-05,7.639161e-05,42.4833,35.2109,-42.4833,1
164,837.515332,1,14,1.001603,17,2.072711e-01,1.198525e-04,4.220324e-04,32.3789,26.9119,-32.3789,1
165,842.515331,1,14,1.001603,17,2.473579e-01,2.385727e-05,1.278707e-04,40.1571,32.8655,-40.1571,1
166,847.379697,1,14,1.001603,17,3.758120e-01,4.135393e-06,4.318746e-05,49.5845,39.3961,-49.5845,1
167,852.244065,1,14,1.001603,17,2.461088e-01,2.971241e-06,1.084359e-05,49.1819,43.5595,-49.1819,1
168,857.379698,1,14,1.001603,17,2.109387e-01,9.642085e-06,2.738072e-05,43.3999,38.8671,-43.3999,0
169,862.379697,1,14,1.001603,17,2.411852e-01,5.302009e-06,1.995048e-05,46.5791,40.8240,-46.5791,1
170,867.379698,1,14,1.001603,17,2.857932e-01,1.215153e-06,4.436526e-06,53.7142,48.0901,-53.7142,1
171,872.379698,1,14,1.001603,17,3.192486e-01,1.064966e-04,4.041029e-04,34.7679,28.9764,-34.7679,1
172,877.379697,1,14,1.001603,17,3.646195e-01,1.342743e-04,5.043669e-04,34.3385,28.5909,-34.3385,1
173,882.379698,1,14,1.001603,17,3.997273e-01,2.915413e-05,3.927828e-04,41.3706,30.0761,-41.3706,1
174,887.244065,1,14,1.001603,17,2.788382e-01,1.196414e-06,4.002374e-06,53.6747,48.4303,-53.6747,1
175,892.515332,1,14,1.001603,17,3.949072e-01,2.218477e-04,1.737388e-03,32.5044,23.5660,-32.5044,0
176,897.515329,1,14,1.001603,17,1.828607e-01,5.476658e-06,5.340106e-05,45.2360,35.3457,-45.2360,0
177,902.515332,1,14,1.001603,17,2.262445e-01,1.173262e-06,6.052780e-06,52.8518,45.7262,-52.8518,1
178,907.379697,1,14,1.001603,17,3.576781e-01,2.269425e-06,1.665453e-05,51.9758,43.3196,-51.9758,1
179,912.379698,1,14,1.001603,17,3.898518e-01,1.258268e-04,4.117043e-04,34.9113,29.7631,-34.9113,1
180,917.379698,1,14,1.001603,17,3.790898e-01,7.068322e-05,9.323209e-04,37.2943,26.0918,-37.2943,0
181,922.379697,1,14,1.001603,17,2.206803e-01,1.137195e-06,5.273233e-06,52.8793,46.2169,-52.8793,1
182,927.379697,1,14,1.001603,17,2.663002e-01,3.948434e-06,8.277020e-06,48.2895,45.0750,-48.2895,1
183,932.379698,1,14,1.001603,17,3.191297e-01,1.091826e-04,4.193377e-04,34.6581,28.8140,-34.6581,1
184,937.515331,1,14,1.001603,17,2.653930e-01,2.670205e-04,5.526476e-04,29.9734,26.8144,-29.9734,0
185,942.379698,1,14,1.001603,17,3.874530e-01,9.796896e-06,1.230394e-04,45.9713,34.9817,-45.9713,1
