index,slot,abs_start,time_ms,expected_ms,delta_ms,sfd,sfd_corr,sync_reps,psdu_len,fcs_pass
1,0,1752252,2.376644,2.376644,0.000000,"IEEE 802.15.4z SFD #2",0.8631,134,14,1
2,1,5440904,7.379698,7.376644,5.003054,"IEEE 802.15.4z SFD #2",0.8542,136,14,1
3,3,12813704,17.379698,17.376644,10.000000,"IEEE 802.15.4z SFD #2",0.8570,136,14,1
4,4,16400103,22.244063,22.376644,4.864365,"IEEE 802.15.4z SFD #2",0.8671,136,14,1
5,5,20286504,27.515332,27.376644,5.271269,"IEEE 802.15.4z SFD #2",0.8294,136,14,1
6,6,23972904,32.515332,32.376644,5.000000,"IEEE 802.15.4z SFD #2",0.8092,85,14,0
7,7,27659303,37.515331,37.376644,4.999999,"IEEE 802.15.4z SFD #2",0.8661,136,14,1
8,8,31245704,42.379698,42.376644,4.864368,"IEEE 802.15.4z SFD #2",0.8650,136,14,1
9,9,35032103,47.515331,47.376644,5.135632,"IEEE 802.15.4z SFD #2",0.8485,136,14,1
10,10,38718503,52.515331,52.376644,5.000000,"IEEE 802.15.4z SFD #2",0.8361,105,14,1
11,11,42304904,57.379698,57.376644,4.864368,"IEEE 802.15.4z SFD #2",0.8703,136,14,1
12,12,45991303,62.379697,62.376644,4.999999,"IEEE 802.15.4z SFD #2",0.8560,128,14,1
13,13,49677704,67.379698,67.376644,5.000001,"IEEE 802.15.4z SFD #2",0.8456,136,14,1
14,14,53464104,72.515332,72.376644,5.135634,"IEEE 802.15.4z SFD #2",0.8348,125,14,1
15,15,57150504,77.515332,77.376644,5.000000,"IEEE 802.15.4z SFD #2",0.8708,136,14,1
16,16,60636904,82.244065,82.376644,4.728733,"IEEE 802.15.4z SFD #2",0.8544,136,14,1
17,17,64523304,87.515332,87.376644,5.271267,"IEEE 802.15.4z SFD #2",0.8469,136,14,1
18,18,68009703,92.244063,92.376644,4.728731,"IEEE 802.15.4z SFD #2",0.8447,128,14,1
19,19,71796104,97.379698,97.376644,5.135635,"IEEE 802.15.4z SFD #2",0.8682,136,14,1
20,20,75482504,102.379698,102.376644,5.000000,"IEEE 802.15.4z SFD #2",0.8576,136,14,1
21,21,79068904,107.244065,107.376644,4.864366,"IEEE 802.15.4z SFD #2",0.8537,136,14,1
22,22,82755304,112.244065,112.376644,5.000000,"IEEE 802.15.4z SFD #2",0.8647,136,14,1
23,23,86541703,117.379697,117.376644,5.135632,"IEEE 802.15.4z SFD #2",0.8676,118,14,1
24,24,90228104,122.379698,122.376644,5.000001,"IEEE 802.15.4z SFD #2",0.8369,136,14,1
25,25,93814504,127.244065,127.376644,4.864366,"IEEE 802.15.4z SFD #2",0.6283,55,14,0
26,26,97600903,132.379697,132.376644,5.135632,"IEEE 802.15.4z SFD #2",0.8698,136,14,1
27,27,101287304,137.379698,137.376644,5.000001,"IEEE 802.15.4z SFD #2",0.8624,136,14,1
28,28,105073704,142.515332,142.376644,5.135634,"IEEE 802.15.4z SFD #2",0.6190,63,7,0
29,29,108660103,147.379697,147.376644,4.864365,"IEEE 802.15.4z SFD #2",0.5728,48,14,0
30,30,112246503,152.244063,152.376644,4.864366,"IEEE 802.15.4z SFD #2",0.8687,136,14,1
31,31,116032903,157.379697,157.376644,5.135634,"IEEE 802.15.4z SFD #2",0.8722,136,14,1
32,32,119719303,162.379697,162.376644,5.000000,"IEEE 802.15.4z SFD #2",0.8441,136,14,1
33,33,123505703,167.515331,167.376644,5.135634,"IEEE 802.15.4z SFD #2",0.8235,92,14,0
34,34,127192103,172.515331,172.376644,5.000000,"IEEE 802.15.4z SFD #2",0.8720,136,14,1
35,35,130778504,177.379698,177.376644,4.864368,"IEEE 802.15.4z SFD #2",0.8702,136,14,1
36,36,134464903,182.379697,182.376644,4.999999,"IEEE 802.15.4z SFD #2",0.8462,136,14,1
37,37,138151304,187.379698,187.376644,5.000001,"IEEE 802.15.4z SFD #2",0.8384,110,14,1
38,38,141837704,192.379698,192.376644,5.000000,"IEEE 802.15.4z SFD #2",0.8684,136,14,1
39,39,145524104,197.379698,197.376644,5.000000,"IEEE 802.15.4z SFD #2",0.8474,136,14,1
40,40,149110504,202.244065,202.376644,4.864366,"IEEE 802.15.4z SFD #2",0.8498,136,14,1
41,41,152896904,207.379698,207.376644,5.135634,"IEEE 802.15.4z SFD #2",0.8436,131,14,1
42,42,156483303,212.244063,212.376644,4.864365,"IEEE 802.15.4z SFD #2",0.8681,121,14,1
43,43,160269703,217.379697,217.376644,5.135634,"IEEE 802.15.4z SFD #2",0.8611,136,14,1
44,44,163956103,222.379697,222.376644,5.000000,"IEEE 802.15.4z SFD #2",0.8516,123,14,1
45,45,167642504,227.379698,227.376644,5.000001,"IEEE 802.15.4z SFD #2",0.8495,136,14,1
46,46,171228903,232.244063,232.376644,4.864365,"IEEE 802.15.4z SFD #2",0.8696,132,14,1
47,47,174915304,237.244065,237.376644,5.000001,"IEEE 802.15.4z SFD #2",0.8360,136,14,1
48,48,178701703,242.379697,242.376644,5.135632,"IEEE 802.15.4z SFD #2",0.5921,51,14,0
49,49,182388104,247.379698,247.376644,5.000001,"IEEE 802.15.4z SFD #2",0.8632,136,14,1
50,50,186074503,252.379697,252.376644,4.999999,"IEEE 802.15.4z SFD #2",0.8681,119,14,1
51,51,189760904,257.379698,257.376644,5.000001,"IEEE 802.15.4z SFD #2",0.8449,136,14,1
52,52,193447304,262.379698,262.376644,5.000000,"IEEE 802.15.4z SFD #2",0.6043,62,14,0
53,53,197033703,267.244063,267.376644,4.864365,"IEEE 802.15.4z SFD #2",0.8691,123,14,1
54,54,200820104,272.379698,272.376644,5.135635,"IEEE 802.15.4z SFD #2",0.8679,136,14,1
55,55,204406503,277.244063,277.376644,4.864365,"IEEE 802.15.4z SFD #2",0.8541,136,14,1
56,56,208092904,282.244065,282.376644,5.000001,"IEEE 802.15.4z SFD #2",0.6771,67,13,0
57,57,211979304,287.515332,287.376644,5.271267,"IEEE 802.15.4z SFD #2",0.8628,112,14,1
58,58,215565704,292.379698,292.376644,4.864366,"IEEE 802.15.4z SFD #2",0.8694,136,14,1
59,59,219352104,297.515332,297.376644,5.135634,"IEEE 802.15.4z SFD #2",0.8484,136,14,1
60,60,222938503,302.379697,302.376644,4.864365,"IEEE 802.15.4z SFD #2",0.8242,99,14,1
61,61,226624903,307.379697,307.376644,5.000000,"IEEE 802.15.4z SFD #2",0.8588,113,14,1
62,62,230311304,312.379698,312.376644,5.000001,"IEEE 802.15.4z SFD #2",0.8635,136,14,1
63,63,233997704,317.379698,317.376644,5.000000,"IEEE 802.15.4z SFD #2",0.8416,136,14,1
64,64,237784104,322.515332,322.376644,5.135634,"IEEE 802.15.4z SFD #2",0.8040,89,14,0
65,65,241270503,327.244063,327.376644,4.728731,"IEEE 802.15.4z SFD #2",0.8706,136,14,1
66,66,245056904,332.379698,332.376644,5.135635,"IEEE 802.15.4z SFD #2",0.8476,136,14,1
67,67,248643303,337.244063,337.376644,4.864365,"IEEE 802.15.4z SFD #2",0.7637,80,14,0
68,68,252329704,342.244065,342.376644,5.000001,"IEEE 802.15.4z SFD #2",0.8511,136,14,1
69,69,256216104,347.515332,347.376644,5.271267,"IEEE 802.15.4z SFD #2",0.8676,136,14,1
70,70,259802503,352.379697,352.376644,4.864365,"IEEE 802.15.4z SFD #2",0.8510,136,14,1
71,71,263588904,357.515332,357.376644,5.135635,"IEEE 802.15.4z SFD #2",0.8375,136,14,1
72,72,267175303,362.379697,362.376644,4.864365,"IEEE 802.15.4z SFD #2",0.8407,125,14,1
73,73,270861704,367.379698,367.376644,5.000001,"IEEE 802.15.4z SFD #2",0.8706,136,14,1
74,74,274548104,372.379698,372.376644,5.000000,"IEEE 802.15.4z SFD #2",0.8468,136,14,1
75,76,281920903,382.379697,382.376644,9.999999,"IEEE 802.15.4z SFD #2",0.8655,136,14,1
76,77,285707303,387.515331,387.376644,5.135634,"IEEE 802.15.4z SFD #2",0.8611,136,14,1
77,78,289293704,392.379698,392.376644,4.864368,"IEEE 802.15.4z SFD #2",0.8440,136,14,1
78,79,292880104,397.244065,397.376644,4.864366,"IEEE 802.15.4z SFD #2",0.6950,66,13,0
79,80,296566503,402.244063,402.376644,4.999999,"IEEE 802.15.4z SFD #2",0.8713,129,14,1
80,81,300352904,407.379698,407.376644,5.135635,"IEEE 802.15.4z SFD #2",0.8696,136,14,1
81,82,303939303,412.244063,412.376644,4.864365,"IEEE 802.15.4z SFD #2",0.8288,136,14,1
82,83,307725704,417.379698,417.376644,5.135635,"IEEE 802.15.4z SFD #2",0.6053,62,14,0
83,84,311412103,422.379697,422.376644,4.999999,"IEEE 802.15.4z SFD #2",0.8677,136,14,1
84,85,315098503,427.379697,427.376644,5.000000,"IEEE 802.15.4z SFD #2",0.8699,136,14,1
85,86,318784904,432.379698,432.376644,5.000001,"IEEE 802.15.4z SFD #2",0.8504,136,14,1
86,87,322371304,437.244065,437.376644,4.864366,"IEEE 802.15.4z SFD #2",0.6392,63,14,0
87,88,326157704,442.379698,442.376644,5.135634,"IEEE 802.15.4z SFD #2",0.8683,136,14,1
88,89,329744104,447.244065,447.376644,4.864366,"IEEE 802.15.4z SFD #2",0.8560,136,14,1
89,90,333630503,452.515331,452.376644,5.271266,"IEEE 802.15.4z SFD #2",0.8423,136,14,1
90,91,337216903,457.379697,457.376644,4.864366,"IEEE 802.15.4z SFD #2",0.8531,121,14,1
91,92,340903303,462.379697,462.376644,5.000000,"IEEE 802.15.4z SFD #2",0.8673,133,14,1
92,93,344589704,467.379698,467.376644,5.000001,"IEEE 802.15.4z SFD #2",0.8584,136,14,1
93,94,348276103,472.379697,472.376644,4.999999,"IEEE 802.15.4z SFD #2",0.8378,105,14,1
94,95,351862504,477.244065,477.376644,4.864368,"IEEE 802.15.4z SFD #2",0.8455,136,14,1
95,96,355548904,482.244065,482.376644,5.000000,"IEEE 802.15.4z SFD #2",0.8667,136,14,1
96,97,359335304,487.379698,487.376644,5.135634,"IEEE 802.15.4z SFD #2",0.8407,136,14,1
97,98,363021704,492.379698,492.376644,5.000000,"IEEE 802.15.4z SFD #2",0.8385,136,14,1
98,99,366708104,497.379698,497.376644,5.000000,"IEEE 802.15.4z SFD #2",0.8543,136,14,1
99,100,370394503,502.379697,502.376644,4.999999,"IEEE 802.15.4z SFD #2",0.8666,136,14,1
100,101,373980903,507.244063,507.376644,4.864366,"IEEE 802.15.4z SFD #2",0.8126,100,14,1
101,103,381353704,517.244065,517.376644,10.000001,"IEEE 802.15.4z SFD #2",0.8672,136,14,1
102,104,385140104,522.379698,522.376644,5.135634,"IEEE 802.15.4z SFD #2",0.8664,136,14,1
103,105,388826504,527.379698,527.376644,5.000000,"IEEE 802.15.4z SFD #2",0.8543,136,14,1
104,107,396299304,537.515332,537.376644,10.135634,"IEEE 802.15.4z SFD #2",0.8695,136,14,1
105,108,399785703,542.244063,542.376644,4.728731,"IEEE 802.15.4z SFD #2",0.8636,136,14,1
106,109,403572104,547.379698,547.376644,5.135635,"IEEE 802.15.4z SFD #2",0.8444,136,14,1
107,110,407258504,552.379698,552.376644,5.000000,"IEEE 802.15.4z SFD #2",0.8097,86,14,0
108,111,410944903,557.379697,557.376644,4.999999,"IEEE 802.15.4z SFD #2",0.8668,136,14,1
109,112,414631304,562.379698,562.376644,5.000001,"IEEE 802.15.4z SFD #2",0.8681,136,14,1
110,113,418317703,567.379697,567.376644,4.999999,"IEEE 802.15.4z SFD #2",0.8384,122,14,1
111,114,422104103,572.515331,572.376644,5.135634,"IEEE 802.15.4z SFD #2",0.8329,99,14,0
112,115,425690504,577.379698,577.376644,4.864368,"IEEE 802.15.4z SFD #2",0.8706,136,14,1
113,116,429376903,582.379697,582.376644,4.999999,"IEEE 802.15.4z SFD #2",0.8500,136,14,1
114,117,432963303,587.244063,587.376644,4.864366,"IEEE 802.15.4z SFD #2",0.8305,127,14,1
115,118,436849703,592.515331,592.376644,5.271267,"IEEE 802.15.4z SFD #2",0.8437,126,14,1
116,119,440436104,597.379698,597.376644,4.864368,"IEEE 802.15.4z SFD #2",0.8626,136,14,1
117,120,444122504,602.379698,602.376644,5.000000,"IEEE 802.15.4z SFD #2",0.8469,136,14,1
118,121,447708903,607.244063,607.376644,4.864365,"IEEE 802.15.4z SFD #2",0.8508,136,14,1
119,122,451495303,612.379697,612.376644,5.135634,"IEEE 802.15.4z SFD #2",0.8556,136,14,1
120,123,455181703,617.379697,617.376644,5.000000,"IEEE 802.15.4z SFD #2",0.8659,136,14,1
121,124,458868103,622.379697,622.376644,5.000000,"IEEE 802.15.4z SFD #2",0.8473,136,14,1
122,125,462554503,627.379697,627.376644,5.000000,"IEEE 802.15.4z SFD #2",0.8459,136,14,1
123,126,466240904,632.379698,632.376644,5.000001,"IEEE 802.15.4z SFD #2",0.8530,100,14,1
124,127,470027304,637.515332,637.376644,5.135634,"IEEE 802.15.4z SFD #2",0.8694,129,14,1
125,128,473513704,642.244065,642.376644,4.728733,"IEEE 802.15.4z SFD #2",0.8344,136,14,1
126,129,477300104,647.379698,647.376644,5.135634,"IEEE 802.15.4z SFD #2",0.6015,49,14,0
127,130,481086504,652.515332,652.376644,5.135634,"IEEE 802.15.4z SFD #2",0.8646,132,14,1
128,131,484672904,657.379698,657.376644,4.864366,"IEEE 802.15.4z SFD #2",0.8641,136,14,1
129,132,488259303,662.244063,662.376644,4.864365,"IEEE 802.15.4z SFD #2",0.8460,136,14,1
130,133,492045704,667.379698,667.376644,5.135635,"IEEE 802.15.4z SFD #2",0.8059,80,14,0
131,134,495732103,672.379697,672.376644,4.999999,"IEEE 802.15.4z SFD #2",0.8684,136,14,1
132,135,499418503,677.379697,677.376644,5.000000,"IEEE 802.15.4z SFD #2",0.8669,136,14,1
133,136,503104904,682.379698,682.376644,5.000001,"IEEE 802.15.4z SFD #2",0.8520,136,14,1
134,137,506791303,687.379697,687.376644,4.999999,"IEEE 802.15.4z SFD #2",0.8165,99,14,0
135,138,510477703,692.379697,692.376644,5.000000,"IEEE 802.15.4z SFD #2",0.8663,128,14,1
136,139,514064104,697.244065,697.376644,4.864368,"IEEE 802.15.4z SFD #2",0.8707,136,14,1
137,140,517950503,702.515331,702.376644,5.271266,"IEEE 802.15.4z SFD #2",0.8437,136,14,1
138,141,521436904,707.244065,707.376644,4.728734,"IEEE 802.15.4z SFD #2",0.8238,94,14,1
139,142,525223303,712.379697,712.376644,5.135632,"IEEE 802.15.4z SFD #2",0.8650,124,14,1
140,143,528909703,717.379697,717.376644,5.000000,"IEEE 802.15.4z SFD #2",0.8517,136,14,1
141,144,532596104,722.379698,722.376644,5.000001,"IEEE 802.15.4z SFD #2",0.8541,136,14,1
142,145,536182504,727.244065,727.376644,4.864366,"IEEE 802.15.4z SFD #2",0.8436,136,14,1
143,146,539868904,732.244065,732.376644,5.000000,"IEEE 802.15.4z SFD #2",0.8672,136,14,1
144,147,543655303,737.379697,737.376644,5.135632,"IEEE 802.15.4z SFD #2",0.8495,136,14,1
145,148,547241704,742.244065,742.376644,4.864368,"IEEE 802.15.4z SFD #2",0.8373,136,14,1
146,149,551028103,747.379697,747.376644,5.135632,"IEEE 802.15.4z SFD #2",0.8426,136,14,1
147,150,554714504,752.379698,752.376644,5.000001,"IEEE 802.15.4z SFD #2",0.8691,136,14,1
148,151,558300904,757.244065,757.376644,4.864366,"IEEE 802.15.4z SFD #2",0.7924,86,14,0
149,152,562087301,762.379694,762.376644,5.135630,"IEEE 802.15.4z SFD #2",0.6886,49,14,0
150,153,565673703,767.244063,767.376644,4.864369,"IEEE 802.15.4z SFD #2",0.8585,99,14,1
151,154,569460103,772.379697,772.376644,5.135634,"IEEE 802.15.4z SFD #2",0.8646,136,14,1
152,155,573246503,777.515331,777.376644,5.135634,"IEEE 802.15.4z SFD #2",0.8461,136,14,1
153,156,576732903,782.244063,782.376644,4.728733,"IEEE 802.15.4z SFD #2",0.5604,61,2,0
154,157,580619303,787.515331,787.376644,5.271267,"IEEE 802.15.4z SFD #2",0.8652,136,14,1
155,158,584105704,792.244065,792.376644,4.728734,"IEEE 802.15.4z SFD #2",0.8701,136,14,1
156,159,587892104,797.379698,797.376644,5.135634,"IEEE 802.15.4z SFD #2",0.8448,136,14,1
157,160,591678504,802.515332,802.376644,5.135634,"IEEE 802.15.4z SFD #2",0.8018,83,14,0
158,161,595264903,807.379697,807.376644,4.864365,"IEEE 802.15.4z SFD #2",0.8638,129,14,1
159,162,598951303,812.379697,812.376644,5.000000,"IEEE 802.15.4z SFD #2",0.8660,136,14,1
160,163,602637704,817.379698,817.376644,5.000001,"IEEE 802.15.4z SFD #2",0.8409,129,14,1
161,164,606424104,822.515332,822.376644,5.135634,"IEEE 802.15.4z SFD #2",0.8368,104,14,1
162,165,610010504,827.379698,827.376644,4.864366,"IEEE 802.15.4z SFD #2",0.8654,136,14,1
163,166,613696904,832.379698,832.376644,5.000000,"IEEE 802.15.4z SFD #2",0.8581,136,14,1
164,167,617483304,837.515332,837.376644,5.135634,"IEEE 802.15.4z SFD #2",0.8506,136,14,1
165,168,621169703,842.515331,842.376644,4.999999,"IEEE 802.15.4z SFD #2",0.8465,125,14,1
166,169,624756103,847.379697,847.376644,4.864366,"IEEE 802.15.4z SFD #2",0.8628,136,14,1
167,170,628342504,852.244065,852.376644,4.864368,"IEEE 802.15.4z SFD #2",0.8548,136,14,1
168,171,632128904,857.379698,857.376644,5.135634,"IEEE 802.15.4z SFD #2",0.6778,66,2,0
169,172,635815303,862.379697,862.376644,4.999999,"IEEE 802.15.4z SFD #2",0.8408,131,14,1
170,173,639501704,867.379698,867.376644,5.000001,"IEEE 802.15.4z SFD #2",0.8607,120,14,1
171,174,643188104,872.379698,872.376644,5.000000,"IEEE 802.15.4z SFD #2",0.8411,136,14,1
172,175,646874503,877.379697,877.376644,4.999999,"IEEE 802.15.4z SFD #2",0.8235,104,14,1
173,176,650560904,882.379698,882.376644,5.000001,"IEEE 802.15.4z SFD #2",0.8602,136,14,1
174,177,654147304,887.244065,887.376644,4.864366,"IEEE 802.15.4z SFD #2",0.8690,136,14,1
175,178,658033704,892.515332,892.376644,5.271267,"IEEE 802.15.4z SFD #2",0.6029,62,40,0
176,179,661720102,897.515329,897.376644,4.999997,"IEEE 802.15.4z SFD #2",0.6283,53,14,0
177,180,665406504,902.515332,902.376644,5.000003,"IEEE 802.15.4z SFD #2",0.8649,136,14,1
178,181,668992903,907.379697,907.376644,4.864365,"IEEE 802.15.4z SFD #2",0.8657,135,14,1
179,182,672679304,912.379698,912.376644,5.000001,"IEEE 802.15.4z SFD #2",0.8442,136,14,1
180,183,676365704,917.379698,917.376644,5.000000,"IEEE 802.15.4z SFD #2",0.7141,66,12,0
181,184,680052103,922.379697,922.376644,4.999999,"IEEE 802.15.4z SFD #2",0.8642,136,14,1
182,185,683738503,927.379697,927.376644,5.000000,"IEEE 802.15.4z SFD #2",0.8636,136,14,1
183,186,687424904,932.379698,932.376644,5.000001,"IEEE 802.15.4z SFD #2",0.8376,132,14,1
184,187,691211303,937.515331,937.376644,5.135632,"IEEE 802.15.4z SFD #2",0.6769,65,13,0
185,188,694797704,942.379698,942.376644,4.864368,"IEEE 802.15.4z SFD #2",0.8656,136,14,1
